recipient,artist_profile,num_drops,num_unique_minters,num_farcaster_minters,num_transactions,usd_value_of_transactions,uuid_list,application_id_list
0x00409fC839a2Ec2e6d12305423d37Cd011279C09,"thesleeper",4,56,7,66,46257.845984973974,['0fca0ecb-a874-4925-805a-8d124642d9e4'],['0x86adcb2e9df89fd6a6e4919c01202dae1e63f576d0c588280237bc410b347770']
0x033f68fd9DF6bAc726e6651e95aC399dbCa3dC58,"atomo",26,234,69,382,302.93001999000006,['e80de980-f9a5-45aa-b958-395e4e25a3ba'],['0x53e3e41ac0ccd956d661d79216c7f10996bbb0bfd69595f752eba7b5e3973d4a']
0x0438053b82cB27004bd80d3ca18b8eF6b23F20Cf,"crypto-alice",3,98,84,198,3.055382280797501,['da900335-9896-498c-a469-0307fe1fd24b'],['0x6a759d26a28ae8bcb5e3ab1684d428f9618b28618a144a6a0bd69fc95ffe4dc9']
0x04715503034aE1DF07883A3Ad01aEa4e58c32D94,"mcpherson.eth",20,1,1,134,1531.139494497849,['be0db3c4-1c4f-4dc2-9865-2903faba16b8'],['0x655cf0de638d8787830d684098e30cc9ed65caa568782aaef97a696f36bb7bc4']
0x056d8e22759a9aE9359A21749c6D7d6C12d97177,"dnznjuan",2,5,3,5,0.2140620832458578,"['cca26bbf-8bda-401a-a119-4614c6e84ca5','5fe954e4-2d46-4ab0-927d-d7d8c24ad3b2','84f6693e-df7a-4215-941a-b40c4ded2b66','c9b30fb2-a42b-4747-826a-76f0f50ade2f']","['0x354f1de0f2a606b7ef8288a427345f10c896b757de1e103454415d3d75340c33', '0x54b374d31082a506793004f99bc4228203d4caec852dfbf313ca51f1342a064a', '0x92f804d7ea6cc529ee10f3c35c716675951ca996a1e468e15fb8b583399610ab', '0x1b8095eb7cf85528ba67bb5af87853db177c9ce5b63b7b76aa1b819cb0062b19']"
0x05E0cCdee8e642388DA4478FaCc6aC7c496714f6,"enamorada",4,10,10,35,0.0,['c61990c8-2bb4-4a82-9831-d2ba43565de5'],['0xeaf2195590d8a9c841aaca9c1da74ef7428d65c342d71e17238d8551bca6402d']
0x05F5EB1f02aCB65dF6A2f0f6D7Ba36490eE2D693,"arrotu",14,998,577,1395,3593.608176509997,['f82b5f57-be2a-479e-a068-e2bff7351db8'],['0x8a2df55fe79e36f4ed78277937b28a2304cfde65f4c7af56054a22afad1d7c4a']
0x07BD4932D08e5956faB224965a58BF1a441134A1,"eneowaith.eth",45,79621,23166,87180,92138.30750141243,['caf3b198-91f2-495e-96fd-67b9cb622e73'],['0xc604889111ec702c3f8df0337719f54554cc5f8adce36a63a37e1ab9b2336fa0']
0x08E0a3E752D1338c0F02b986B9504f1009a962ca,"jeffmihaly",2,197,173,244,592.0869603599997,['b21440f2-f4e8-4eb1-87d1-04323317abc2'],['0xcf7aac02e1dcaf1921f65f59fbb6e656cca1b8da3bfb83ea69c6edb31c54ad51']
0x08feaF513989e844d6E221E817EF8ec1b7f31745,"basegkc",2,2635,67,2649,31.582774000000008,"['269a13b2-f01f-45c6-93dc-473869c28bec','dd9cf410-3550-4719-989b-4d96a821a401','1e7bd524-ab1f-4c85-92b1-0ff8274873b8','dae521e3-edee-46a9-ae9b-6a74bd3f2217']","['0x8ed69f33c4b11d9bc34cf18a522235529d5d21d4d2e287b68e5103100f02ee8e', '0x3123f7a5b1be4a6c23a50ceda859da2b76db0231bf71a9661b165b94bb43f7ec', '0xdc9b52de58a7fbc84bf65151ff46944b6805a1cbc8156d3cb85ef9fa726bc31f', '0xe644ea702564764dee79d36b254a4fd48184e6fea3a0ffab2bedbeedbf750901']"
0x0964256674E42d61f0fF84097E28F65311786ccb,"dawufi",6,87,82,125,339.6058756470629,['47d1c997-a753-4ffd-9a2e-657a0598f77c'],['0x05c87e03a2257d8738864244dfcc7c4c85a61157651012e9b5af25b0d75339bd']
0x0B81BfFce9970aca9868120eEE1bcc8De19119F7,"mahnaaz",16,144188,16760,148122,38781.670112904765,['89aabf68-45a8-4db6-9d32-2d4cd96cc4ad'],['0xf81ae24ef5932f6e3d03a91054252b1986d35001f5514ccd96278837712b795c']
0x0BBAD437C1A31562FBd3a598380dB12a770FAbbd,"0xsignal",1,8,3,3,0.0,['c50d8975-af73-4a92-bcee-7f5fe92a314b'],['0x2fe783dc8074803a3c3af778bd0f1474556f7c0dc4a7b0d3737937eb31862e61']
0x0F23189b256939996dEc01766F6b2E581AFb5bB3,"seattlecrypto.eth",2,6,1,168,0.0,['3c6f92c8-d7d6-4adf-a438-cca0a5959bba'],['0xd3b9729c17cff31661d893cbdeedde35765172608e2bfa7fb5f43555b0c739bc']
0x0cE98350b9Dea81fe0b47DBC4787a1E9f8F1D7ff,"priyanka",8,54052,8246,62902,19715.28492348012,['62639f3a-d917-4a98-b9ff-559086b79906'],['0xc27b8c2e315f8a775be318263ea0941d4413aafd2c9dad5fc1cdc21e3487e6cf']
0x0dE1Bf69e2c04e6cb948cB51Bc70E13d159A0917,"tako-unik",3,20,18,53,222.65149919,['ad4efb82-1f9d-414c-9916-7dc1a420fcf7'],['0x13f4148f1ff1435c9fdcf4b4d117dc9d25b293dfc10619f41e369f4813a40d1b']
0x1198B8935fF1A7f981f09560b12707409Db431f0,"musicaw3",9,1482,447,1901,3881.2189934199987,"['a974f9c4-7ac4-4902-8cd2-2b16379806a2','e964d28a-ae5c-47aa-9af8-cde440e75010']","['0x4ab88f4257aa75e9a367415965198b00d9dfbb3cf357d5311ea30b0b42d64458', '0x96d8473408976ac61f3fd71efff52ec1c16ed02bcc4de07a4a84b8970104a4fd']"
0x12364E7C6f50927AC0242E764Fd44de5bfe29384,"chicbangs.eth",2,14,7,31,21.972576540000002,['26bddf6d-5284-4c44-b308-696a8c3e86e6'],['0x12b462956bc3fa20389efc44a3aff79e03aa698d41eacaeeca86ae4399d750f4']
0x1471966abfe75cF87Fdad8B76D657EAB8400f0B0,"sreeranj",3,43,40,64,134.56989036,['76b4982d-cdd8-47e8-acfd-59efabb97d06'],['0x8e653f95ec846c3442e5ac0ea556446278abb275239516ba5e0095213f2dee08']
0x150724414108bE86992Bb00a4e4b5C40c9D0CACf,"sato99",4,124,41,141,315.95701116000004,['e4be1635-f00d-4d23-9022-a30da659a95e'],['0x5ac4e474f295d9abdf474b1ced47b956f93d2be95c9c7554117e72aaab5d8cfa']
0x1609f039A96ce10756f5C6D403a80400DC081a02,"cryptomage-yt",8,113,49,130,117.07841883,['5cd966ac-44ad-4688-ab63-eef9c2a9a587'],['0x0834975b2ea9a9b9ff614e492a3a0e7d1110514e79043d8ced8ae822e79afac0']
0x185cDF961d21CB90d9ae75d5018e16B2e8Fc25F2,"bezos",6,145,134,74,11.084816889999999,['fdd7ad21-05cf-4d1f-8437-43539d4971df'],['0x2b1ec80e7b496d714f20ee8f84aa1a5638001f05f82a1109438e3bc53526e58d']
0x196B5B69bDEf5Aa71d7A18b5208Aa7be23CdE024,"bangyadi",1,1,1,1,0.30215532,['9b429ca3-10b8-4205-a590-b17028ac678b'],['0xc191af54d8eaa24f6001894d09b32d66d32163d5ce7eb669783334e79692acbb']
0x1A1c37C145a1EaB58C43F003EBB55C18083b5987,"davidtphung",36,16811,2531,18062,12277.607098950417,"['a978da12-e50b-4a57-ba97-cafc617e0f46','56a9acc7-420d-4b87-be2b-1b65efc48972','af8760fc-ab8f-4388-97c7-e08e43f92257','59841519-596a-4419-be7c-bfab332d9a63','431e852d-7b0d-4f99-807c-43d6652bfc1d']","['0x940d82a634ead7cc96fc109bd67707f9b7b80df048a0272ce472428712de6aa5', '0xedee2ec0215298eed5a475cb413b7c0301af2cd26af55896fd22964b00f55417', '0xc987960f0d3065317e3334b8ff2125b6174d08119aa401f565f055477d547226', '0xb11a7d7d8324706bad13c74999917198c3bc208136b33e9d1462b28210602b04', '0xe8ab28f03f3004a2fa3f4d242b4ba3e1c6f13969b0a605cc00dfe0fe86e021c9']"
0x1A3e2847d38CB68BB407a7E6A73A918A58fDcf3a,"pelingenc",1,51,45,51,108.82051278,['6878840a-eb1b-41be-bf7e-7fb742a68386'],['0xb72c751260664595050bbbb7d4d5240296a3168003c9266396ebb5e789f39b1f']
0x1D814FcD93874df29A737393ed7c7eD2eED7c3a6,"guys",3,1,1,3,0.8196939999999999,['16b85e45-730d-4d18-81f8-7d80a7d11898'],['0x89251a3ca059d02da0facdc78443e62558239bc5b616dd0c06b70ee2d6c874a7']
0x1E34a0DAEeDd3Aaaee515c92791e860591B04F0c,"projamkiller.eth",50,141,71,533,402.03113624580084,['371b567d-01bd-4be0-98b8-f90d2973ccec'],['0x2410b16d527eeff9c0ef0f776a07d3e0b9d50b60c8045f7d63acdc1a1ed8a2f8']
0x1F2a9082A7692aD4f1049B573313c52E49400137,"ida",15,324,251,981,407.70217656,['39c5fe87-832c-4cb6-abdf-7be77f68c753'],['0xe997bc04d9e0445531e438991bcafb8c415fab6c5854f9f5e95bcdbfe2641dc0']
0x1F3fa1A72acc23bB2269a89b4A1363EE72a9D4bf,"joec",10,605,154,773,740.2920882897156,['0e367a16-ec11-40d7-97c5-f872858a9321'],['0x69ce67011ca58bba6962e329aaa4992eab13c5db69f2d9746c871c41e800f0ed']
0x1fd2A56907B1db9B29c2D8F0037b6D4E104f5711,"williammartinez",5,40,8,18,0.0,['5578abce-d318-4189-887c-9fad9d24b428'],['0xdc96e2138bd95c329c8220dce55e2dade3c173180a075259a6bae614718dca5f']
0x212fC47e707eD36409154ebf8bCfd2aA0E26517B,"0xhellia",9,61215,9961,83196,20927.591097036897,['ccd139de-e7b6-4f9c-8058-b46b9e34bb23'],['0x07eef6001515b6c4e36ccd93468779a737a6c2ca77bdd308068bf1c9db528b6c']
0x21844640138A348474064180C93AD82f50c89357,"joshlippi",2,52,35,59,105.31777346999999,"['e3ce98dd-a235-4af2-8573-4a8ddc68e791','8fc43fa8-7a17-44a0-b026-c8a2572a911d']","['0x1dfdc7938274351e5c81437496c3e2f35002d5e68a5ff1e9e71ff9535cf6fb84', '0x1fc6b9ab945dffebb523b4ae73c5aa195cee72ea535bdd3cee09285eec68c540']"
0x22D02786f813A70c5699621810D0ea85efA07332,"eduxdux",6,326,244,432,2748.8431410199996,['9e020804-e6bc-4111-8c9e-ffc536bba0fb'],['0x493ed51ce095a4c993ed68776e24d5a8ee7f19fea85fa7624a15007b2cc4b25b']
0x22eC7a4429C381F5c382ac7ea624Cc05D37FfDDe,"letsglitchit",4,12189,8232,12390,3856.7471489700247,['bc43e27e-eb5e-4b4c-84a5-96031008a695'],['0xd9a8d5973367cac5c18648b62188187518d73d49f05fa951a2cd622b83e7de75']
0x24a0e4EE348f33252e83fE1e824499381dd21aa9,"acutek",11,452,157,487,752.8327123053422,"['82019dd2-e754-45db-becb-6ab9fd9111f7','fe107d8b-3ea7-42dc-8e19-2432e4394528']","['0x89c4d04fa53d051f51c4ad6e7205d022a95bc8c6e691d851f2cb397bfb8874c1', '0xddaef5e719c71ade745bafa5c893ac59452c9f2ed28864a2e6f334a79a89e56d']"
0x25493740e4507CbCCe792b951A9eff3953B774CD,"galechus",4,7,4,38,17.641254019999998,['50ddebba-e7a8-4935-a6e2-45e2a91bd48f'],['0x8ca054e11c0fdf131296c2f42b7e51add9d636578af9020f8c6dbf0d6bdb0211']
0x258a3790639F0dC736eAF5b8817706417C656a47,"cudaoutofmemory",1,811,242,958,1711.0277228699986,['10a38b6d-e432-403b-bd9c-9e0bbbeef72b'],['0xc3d1a57ca75f8416819fd0e7158c85a224a30962ad2070911269f5ad0f80841c']
0x2613515bE64341067Ea095f27b4EF3f80f12d009,"stulka",5,117,73,157,309.59478753,"['234d83aa-5cad-4d9f-b7c6-86ab8d8f9bc0','5c13293b-2b89-4655-a6aa-7dbee558138c','7087dd8b-6c5d-4030-80d7-04ff51ad2fe2','694e4027-4cd0-4740-a32a-3abf21992d23']","['0xb9109afee034952ba95f1170a976897a094da7b1f253a08f542eeb9b4896886a', '0xe3fe3544eae6469cc2e7e2d1dfe5d8b9d02b111bc31133050f922d1f0e8ff294', '0x196e5a5268f1a8ea5fbf8e5ea618ced139ad516ded3fc033e60aae5683877f40', '0xd3733ba2bc24c5637076734e24917a4b266f3c10a1f7cdd1159bcae232251b55']"
0x2627f584D7A3A28C42b741Bf4cB3F7cD1571546c,"virkkk",1,737,155,928,46.61195840115042,['e199aed7-8426-4ed3-936a-9dbc9395d688'],['0x69cf9decaf9fdec317cee4ad57627712c20f7c6c0cba8468aef950b073b96775']
0x2640914F852A6eFd4b3D72135df923EB7c5a1d31,"rapitu",3,35,29,65,0.1494458979159861,['598871ba-3b43-4ec2-ace3-93bb7792cf5c'],['0xe940ca02b870bbd872c22ba2cc028b64d80d2654b77c9217aa38b33609601610']
0x275725190DE3690e270fd65B12E4D717060F16B4,"omgbase",3,407,42,362,101.11686699999998,"['fd3430fd-229d-4f8c-9683-32bfed41fe2d','09246e90-94ee-452f-827c-b76adc306ab3','1a2cb058-6976-41ba-b7e7-9c7f7370583f','bfc4336b-55ff-415c-8949-85f7de499957','348ceef3-5bdd-4cd7-8fc4-54bfac146dbd']","['0x7c81f59b12e9606b23d9ead3b7344412d67366d51941956e4ddc4274936f6bab', '0x50f56a980bed9d493900e58f5547910ed8cbb6212855b10319759089ddbdf177', '0x8d10ee9b3d7920c4a62716b71a72727dee5fcc3a75952ff6001e76ecfc712149', '0x1a0efba8b01552e7d986562334e17dea3897b7fc768d805be8efd2a938b744e7', '0xe173c85930d83e75e6c50fc57bcdd36250d2838af206d65ad72787a748fbf792']"
0x286bE4Ec65521463524Aff75788F7D0E3AA42Ad0,"v5mt",9,690,370,990,1536.2562623383537,"['6519f6d1-ecda-4645-b241-d8af13ed8dad','166420f9-cd6b-47cb-a934-244c288b5eb2','cc4b516b-c2c1-41f2-a9b2-6d6cc6a35dcf']","['0xf1ce0ea850e37207c84baceb536543f6dd801ea2d66533b758005551f676e636', '0x7826e5fe7d9c4539ecd44b2fbe1666e35766036970854b9676d3bca05d349a5d', '0x4b64e8cfe450c467a63565d8077b2ff30e0834a033a62e496ec7d9fa92b68d5c']"
0x28abA2DFcf42eAdfEe60CeBFA650aC7184652424,"0xgiwa.eth",1,4,3,4,0.6128831699999999,['d2cfb67a-68a2-4f40-92c5-6f763a35e410'],['0x469bb93b4a571a6e97bc40a0bb0d06af2e8b744b25d1c31f745feec8b0f78ebc']
0x294a8f92d6872CDA9fE469Bf6118b5F31442b1B7,"silkway",1,45,26,55,5.078065136884501,['6b28dee1-da60-424e-8597-d9d116bc90b0'],['0xe68ac5a82a7fdd0ed4b374f41524e15d7c98142f2a95236f687dfa7d51ed97d4']
0x2961b02DcE896D5A63B57997A1ae124736dE2cF1,"lepro",12,112,100,563,6.320966327064292,['ca99ce43-9cad-43ff-bccf-ed26f80bc857'],['0xde46b3a289457d22a1104c1c9be86b0f1c07f4d9d75c57441728212c41f0fa3f']
0x29930111Ff12D3C75b5BE8889568C5aD6A9D6CB1,"jitz",17,22390,6138,31924,27489.481864903093,"['dfac5569-d035-4b83-9c13-e7fa2c4013bb','8658526a-eaa2-4362-900b-6a99a312f468']","['0xc3541d8b3d4b1f0c625c91d82fa7544afa52cc410cf06cd14cd087bb8678d1b4', '0x0925192fab4769ffa55092c17e46dc2fea2bd9292fb1a479ab987063df840ce5']"
0x2Ad69BEE4b9858421Fd62f37A9476595e74ad3e6,"optimistizu",1,1,1,1,0.0,['9b25035d-4916-4326-b1cd-ec847ed8da2f'],['0xbbaeda9c59c89fbdf705ce2a73a2484096af5b1d38a1ae54a1e029daf379fe4b']
0x2Fb0e475F6D495DFdfd9176aF9113f48F7687565,"nimaleophotos.eth",23,66493,9776,100614,28734.609541210506,"['ad90d932-3b19-4399-bfa0-bdd3975dc12f','5a5c2189-78a2-44cd-bc9a-cf5c47c3921e','b62d1eb3-decd-40c0-869a-b1e031f2e29e','3eaf8ada-10e3-4719-89c2-a4ad9cc38327','fe8abf24-fb73-4902-89b0-4ab6dba6693c','b7702399-54bc-4fb0-a81c-3a34531175e2','40d8e433-5ad0-4ca8-9cc0-a2a4bd3bf17b','3ef76357-ccee-4863-a8f7-9ef74e596341','2827059f-d538-421d-9a30-1d55a048d056','6027b594-a5dd-4598-98a9-228c5fe27d94','726f4708-9398-4886-b03d-65c1be78ace1']","['0xde7349646c03ca8b15c5bd50f0ac87626d00888f497ce13450ad0208b39ddd1b', '0x83698d65a4987019bfca0ee104d813daf319e7dcd209604bdd8a9acadd74497f', '0xa8895f6d295a839aff53cc4fc4651f641cf6a7b48bcea9975dd1fd4eb6faabd3', '0xae84d8d4fc99c4b1cbbf44954510c07058777f75dd9c8e2b2c2047138ea9b954', '0xed3e3e2dd68635e78c7186e4a7e2d04ddc07ab385f7e152d299a38095073228d', '0x7a9a47d2bbba3df98ee222d4b3dacb60c0ffb48958f46fd5cbe3daae7271b0e2', '0x54c852c58933dd942df196b81fbd4550db981b2b8bc6f966c51bd6c2c744c143', '0x06b232d169e4d6a1dc0f1cfb8487196d726636ffba800f86e4a31cca276d3f59', '0x04e9588167354656fe5c73c4610bdc0f3c1ca45992b4ff24ba11a8c1f5073894', '0xa25f5572f3eafc71877027d45363e8e7ae5fa545128920a18ea4baff4add02b6', '0x52dc21d48baa4121b16295e3389ac6ca82c4c1e22bce89ae5c11b4bfb4e0199f']"
0x2aEFa2502B1fcB16B8091c31Ce7C70e17f0172Ba,"basebuilder",1,316,83,380,119.89848,['50ea9d76-9fa9-4e21-b698-32108f4ad411'],['0xd0977c9a1ed81a1dd0f55837ad1c641c64d6594ffa097ba05b749e4066e0f8e8']
0x2daEe3f924d64f2894ef4785d88dA51B5a0591eb,"juujuumama",23,55,39,92,1389.6926951899998,['fb71e176-06ec-49b3-a8e2-6232d2ac266b'],['0x5ad3766d0772776681738353d5ddb9b404244db5738f57e160e88a06b703a1e5']
0x2e63A76A0025BF1D92CECdA73c5Efd342849fd0d,"snip3",1,1,1,1,1.79051103,['6e6228be-6e91-4b8f-bdf8-54ab3a9f3625'],['0x3d66e061c487378b5263c244f941a01ca40baf2947c477990e026e23a10a290a']
0x2eA49C863BE976ee9c10CB8EF382757E48F0b9e5,"chompcoin",1,6629,1663,6918,2822.672800549947,"['5fc08a5c-5a84-414e-87fd-f43f9ba8a336','8de5b2db-5a24-44c4-bc50-cc0b8a909a71']","['0xd2d101fbec9906ad5a1b3e72e4d2a1fee4639bafbdd5550ce3ae1620dede1165', '0x43e0d4a528a1467ecf0a40555417ebab70338d0cacc179184e110cd6e2c4a3ef']"
0x2f742272e0d4B9737c5598678CDc59C5Be252d39,"matubma",12,32,1,53,82.67369152664362,['0303cb97-3ba5-4d4c-8e55-bc58fc9cb7da'],['0x9430a8b84ef15b83e26d56d76a4bd2adc1c654ead3d3b63357b8e9755edee1e9']
0x317970B030bD686F855Ac72b4D96Ec6Bc0116A3a,"mazin",28,2236,679,2923,3566.0822313930107,['85abc968-8f91-4325-99dd-d7357d1669ac'],['0x0133a6c7829dd95e64b224ea06a53213e2afd3d25956fa1800a3074cf17b885b']
0x317A1EA96DC4B10C1ea60E3aF59C472316D31303,"garance",5,5,3,75,43.266232,['c6e85325-2f65-49a2-9b71-cd7e02449544'],['0x802110313ca3fd483f38bb55b64cf6c9a47db492d0ecbada92e232d4604e1036']
0x33912a0d6bEFf5Fb8e5B70688CE858D5e7E8104E,"newtroarts",16,6853,2604,11534,15918.316871257444,['33eae965-b839-42c9-a592-d7c11a942842'],['0x964e28607b35e85c6640d0da549e9b91fa5d0d2cd8240f809a6a5d702a62ba56']
0x3424cd7D170949636C300e62674a3DFB7706Fc35,"nix.eth",1,30,27,30,10772.656799698363,['0fe3fe67-668c-4be7-b28b-2ec3f26f5f54'],['0x387c70ff180f63ada05a8416d32fa2d3ae5ad6f130df486c028295c46030f117']
0x3770fC866d3a9357eb17b0111973667838B73c34,"themyth",1,268,120,350,541.6756324399995,['65c40ec7-5a5c-4e00-9920-6ae056f2f83b'],['0x030572116c35e7a863de2dfc92bf02172ee15e1954ba018a60c6f4c6aee087fb']
0x381CC779761212344f8400373a994d29E17522c6,"xtinct",27,811,198,189,212.3759044981424,"['8391b671-aa86-4ab6-a7bf-110b54acf85d','f8f1746e-cee8-49a6-a367-af14a7b807a9','078d1b6c-dc51-4ff0-a8cc-43556e56b327','c2429e54-546c-407c-b3e5-2ea24d5fce19','1ebe9dcf-70b4-4578-aa41-c8954c1fe4a2','26ebbd92-035d-45bb-bc14-7d46d5beb313','da8d746f-ca62-4711-9a02-d3ead7cd2f37','2e5c7df7-dd4a-4807-9bc4-cf498f7f06ca']","['0x5a7efb51bedf8d4c81d2af80572cb1e1c3b8eacf9aa984109e45479e874e4e53', '0xcce2ae64628db2ddaa5292a84406d73664beb3869c37e82c7ae99cb73db6c50f', '0x58aa6d9025e7619e272169c669d566708ff9518505e71391bff5d3c733bd4b66', '0xfa2c16628be9d4427125760c7400f902f8b6214f625550913ae069de4259ec58', '0xd5b66e84892f6857424d3a26fe194546a9f0c376c74c40d4181dd1562439abdc', '0xa7893416cf24604a700306924953e3113416a87f375e7c4627626e670aa52334', '0x8d6ca5ebef634ba5823119eba31f830462d4505db38e71a42247c05f6fbe7c88', '0x8b93e6dfcd1ae95cdd068a17dc1b3e99fb9eb296a92dcef61570bb7dfa21a1bf']"
0x3A2a72fF37afE42B2c2747366Be5eCDacb211d8a,"callmelatasha",3,733,395,799,3751.0702971000005,['68d90c85-87fb-4eb0-907a-156f4f310525'],['0x07125f48898ef0f210630e5d4268fb362d73a68eb8d26bd2aeb892f637ac291e']
0x3Bb967f53afA4502000Ab0C773a233D789760a08,"cryptowildwolf",8,1,0,8,0.8946844199999999,['a50712c4-9aa0-4db6-92d7-448f897e9651'],['0xd42a5d15f904d135e403d508fe16928bed8f079ba0363b70a9241790bdd76eec']
0x3CE1c91E33a0777a32C9b615908f3D9B8821aa07,"jakestudyos",13,290,91,366,505.9878279899998,['3ab640b7-5900-47cd-819e-da35da97756b'],['0xfda434e6931492476ca2bb1eca6bc773dfa5f8088359966c1c47772f5e0ff69f']
0x3d4B58964Ed615a2622E7e0eB66013B395718C98,"manytle.eth",2,652,283,807,1399.0290183299999,"['59f9d1e9-e0e6-4128-9835-cf729d4bcdef','c73cee98-499c-496d-bca9-1d8ddc34b284','84e92437-5c73-4806-852e-d678211dfe03','7c8a3a32-73f1-41d1-bb37-9fc20371f2ea']","['0x65d2350e916d7ef5131c7f49588373bbd2de083348557e3f7e499e708b52b66a', '0x0b9c05c702652557474493039416f5ba8b9fbd7dc1898452d903c44ed467f967', '0x119e09ab366737fdd36a754796812f8526788922e5452316cb19a06b0be6c27f', '0x1bc9ea9060daa960ba27f4f59d85c06bf84b729a8efec0b88f058767b8f8c8b1']"
0x3eEFAa9d6e2ab7972C1001D41C82BB4881389257,"ispeaknerd.eth",13,180,154,265,5471.072583687882,['66640140-f5e8-415a-90e4-e7228b7a8a23'],['0x0bd7c7e9db2ce8ad00aa83014e9d3a0de8d99c09271883eb59437760a5627d92']
0x3f08a8029BCa8AfF2e9C0b828F2a3485C620A644,"monikanft",5,160,117,228,977.9281807962057,"['abd622c3-4750-4715-9ea3-975634dc11e0','357cb93d-eec9-43d7-a729-a035a8cd4876']","['0xf9c29c39bb18303c3ace0327447e9c1c9d2305681f49e8d74c7df30477ae7f14', '0xd0b8a25d03314596ce302561eb5525c328de27addab5583e8a5f88c9013b9679']"
0x4005470902ba4113d8D92E6AB4413C6142dC7150,"adnum",14,670,411,774,80.28079291946014,['60e3199b-39bd-48d1-9ac5-42aaa41fd432'],['0xa6ce8f178b0ed590a84bd056c1bb06c9368bceda9f14f51a6e2a688ff218ecac']
0x409538216575caefE49af5Af9B12ef4b4496041B,"arsalang75523",3,2,1,9,3.723806536701922,['f0320e17-8922-4113-b394-502a23137a7a'],['0xe0c50a809f377913e6f8ecabfc7a7fe951c43ecda9e5cfa25effe69ca38cf5e5']
0x41AB1D15fD3c4888b1c5d7E480df5233C82Aab48,"yellowcard",2,1,1,2,0.0,['f57396a4-edec-4415-841f-ff065b057ab3'],['0x77056437e17970306aad489e4813998f20e3a0925a226e7230b8dab285b64e73']
0x42Ab1FD7Acf8eb27Be57B64D829c6Ae7Baf3E791,"blockybulls",5,1653,29,1719,31.291891,['ceddbb35-fe03-4c88-93de-da4cba8b0bcd'],['0xa174678fa146ab2d43f56fc64567ad1afc85483859071c4862e71d8d630ec87d']
0x435172C1B669839dE487c8A26BeE3124E2f06D78,"hanma",1,1,1,1,0.0,['c50abe5e-ad79-4707-9beb-9e91edef299b'],['0x092a6fc3cce81c8eedd578519e396dae9f7881df31c6f82eadb9be8e6baac88d']
0x45052B2C15D9BFC3E64ADf9D2F0fc28fD0e6cE71,"pramadan.eth",12,12302,3250,12663,3344.607809082893,['57d3fbef-b17c-410b-9a09-5660fa0412e8'],['0x1efa4e8e758e6c6f7fb4af7c208cbec1b32af7bb422d70f27b29ba1d81aae9ee']
0x45165da1Cb4E338147fB507B9d00BA4F9DCc1706,"awkquarian.eth",1,43,25,71,0.0,"['9c812967-de4a-42e0-be53-5b684ca7fa2c','eb70eba6-c999-48a6-aadf-b5bffa6fed7a']","['0xcd6b4534ff4c9b52db053894e17a259f5291c05b70a60a06dd40ca503f7e889a', '0x0ec4b51efb2063667755735f74fb8b3b7cb1a9532c17a31c1750d978668f62e4']"
0x4556968Ea1194335B4D7D722E024d1FBD75421ac,"stc",1,48,37,64,2471.4007799999995,"['0b95a75d-7b41-4c68-8833-a2131a5f14be','d7f95499-b32b-4c72-b00d-bc75e3142a2d']","['0x3eeebf24a1f9f772547a8b2344fe3ca9031a7a417f8b5550711a6aeced562ad9', '0xd75d09f5b7884a36ed4478d570f086a8a47d516c32ac7c83f4282b47dbc99d00']"
0x461acd846B4cc249b96242F1AB7c72a39d94747c,"kingfishersmedia",12,1,0,13,0.0,['909170d4-2eb6-45df-bf78-de48190af559'],['0xff60921c44aa3547bab2a7885e7aa1877e7ed444fc81b01836d87d3404bea47f']
0x49000B54784C0359A9ed744a5f3505d39043e451,"blooh",10,1379,545,2531,156.19760808800075,"['a89a0df3-b9af-4bf0-a8b3-c3793c70e2be','ece12bca-735c-47c6-9813-e60bebdcf8e1','601c9165-1b9b-4553-8f84-bf7b9f325e24','80cee81a-58b8-4e14-a70d-700604b397e0','acaa895d-ee8f-4a52-9910-8e9ce30d4308','95db4742-277b-4f2d-925b-7a1710e8a688','aac3b27b-d815-4af7-9d66-3868aba95b79','bf4aae0c-7632-42b8-aa22-38e3dac05554','59d68e2f-59de-4834-8445-8365cef0e948','846a46fc-3dd3-4f9d-a3d8-5bb8818d8bd0','318c58ec-7cc4-4721-8322-9b9dd9aae9eb']","['0xbf3953722aab8d72dcb35877114f19ae17cf0e0e64270fe3c754f8c0c8aa4571', '0x13d08d9bf5d46b3d68a7c2fb1efce17ba947f91d2865df9cba4a1a1f95b324f5', '0x88fcd12d96eb5f43a994926539eb2517e053f84435d6119222eb5d816efabfd9', '0xb8903048996116f3a36538f6d5efc19757861b84a1da4ad1c4efc79b64d5c57a', '0x677990558d5c49f175f59566d4b1fd6f4498d0584ddbd799543e47e1ae0dfc3c', '0x2c1fbee565eec433b8240d492366367203405b81f8f34820ec9b0de3599b679f', '0x39e1605cdba0ef76f45c87626ce5a661ce27bf6b0886c2ad62baa04ae3430b5b', '0xa7738ab26f07a393d8e145baca5ac2a388187ba8f1ed35e4ad6616b8b936aedd', '0xc03cc4cd76c834aea36d1b69ab3d2bb7953fb55179535952d4dac79668c84e4f', '0x4e54e363b30e880eecd7d2e81b98ab814cac0960e6e0a2a454ad6e0e63a1e4c9', '0x98b4c75bf485328ff6087f723270206875bc51825e091723391d85582a48c2ed']"
0x4cc1a03191dDF0C39d82098f059ef3412113A36e,"viha",8,155,117,285,424.0464309654277,"['b705ddbc-8c22-4b6d-9f37-13be423993e3','252f5c84-9e4f-45f4-b90b-8604a7dc37a1']","['0x3ead155d27abc5eacf8a26672962dad75b4d288e468979b2f508f7d6c105f414', '0x06a70c9d78b265e8180d71bd76db0ea733fac68e0c10f3f8dd77e0103d8e77c7']"
0x508dd44Ff3404e618D430D4562C3773B073a5Ccc,"kylepatrick.eth",15,4710,4193,3202,7240.244846580634,"['ea688469-e832-43cf-87ca-ec30ba56627c','1e18dc4d-b5dc-4304-8c00-ae29ed5fcf9b','248bd551-b97b-4845-912b-02ea22f4b3a0']","['0xa649d6b84f2ac92e5fb313d304530916c45db037f9f5427db21e0d98962ae2c6', '0x87744fd6dcd49642a7113672fb5f8cddbaf92f149e1842fb6c37202d48528f7d', '0x423696dcaf1c1b9d6b340a179cfce271b43bb26284ac74916d02b8263804b074']"
0x5090c4Fead5Be112b643BC75d61bF42339675448,"chaim",12,1251,818,1483,5097.0370174172895,"['033f3087-ea8b-4dbb-9ce5-ecc847829092','970147ca-2781-4930-8710-96e4be41ddb6']","['0xecd4d5e878e6a431b56a3f80f5505b4ccba18509836871d4c73e0df214ff5d43', '0x3b49f0edb62cd5afddceb0802e6ee7d1db16d3075212258ef9cc28c99f672df8']"
0x52fF89d20e24e2a0Bd853567f6a1AD423FE13234,"cyrus",1,575,306,610,4444.4904930000075,['8c5e0260-8694-4931-9486-2c526771633b'],['0xec393f8dd29d9dd3aa4ff52b6f10d523a060a8523e4b1b1c57c1f34ed02cf7cf']
0x54A80e0417008dB88036F4Fb2C4646264717f7a6,"rileybeans",3,35,29,36,51.73130912999999,['dd55b17d-fe09-463c-95db-3ff94b019010'],['0xf96d8c886ae81e2d79dd66e05b4c5aaaf1f2fde05ae0f990769849065949ba65']
0x575c8A992EC082f3650432dE77c1CbBCCf568200,"usersteen.eth",3,1321,941,2021,4700.104734029998,"['0212cfcf-3814-48d7-8adc-9594b3e88b7e','0c7d4589-1d6c-4fc3-9d18-4c7c3b913086']","['0x9ba88460dd5879427e9701a2c313c783de8aa495ff837ef987c943a44c247204', '0x98b8217e917b72e96fd238c572d5369c496987cb9fb4c07631dec2bc1a37bd51']"
0x589FFBbdA0EaCD5A9C2BA208b379c886B2630503,"thepark",30,44930,20309,54220,115414.263018406,['21f12c2a-ff53-4a19-b2ad-e57c09394480'],['0xd11a7fef9c675e8d32b1d1d3d2ede96a82b1baa84b214a74811abaffbed7ab55']
0x58cb89c8BBAB3fF6B025fC140979caE5Da7a53Dd,"homaamini",4,3,3,13,2.15157516,['29e90d29-e3a4-4ea9-86cd-5c41fdffd1b8'],['0x8cddcb8722908033f9617afca0b758c981cc0fc070b9cff4f0c230a1ef10f799']
0x590f4cA9b70860d1B89be8A7e69f22E59f6dCF6f,"mikkolagerstedt",6,207,186,253,921.4787587000003,['c6d55e98-2e93-4bb8-a480-cae8a4bf2a99'],['0x80ab78fd6e785e09395d091f6481f4ad765b5f9f79fffe78ca740d618ce61991']
0x5B45daBABe4756460D131C355d36cC4F82EDccf3,"saegirl",1,2,0,2,0.55315851,['ea598ca7-7c99-4197-8275-d15ead9395af'],['0xfc5dc27f3bfff334d93a3b10a423844a4e0ccee55c0446cc274c34f671cfac93']
0x5B759eF9085C80CCa14F6B54eE24373f8C765474,"jake",7,14763,9068,20451,60058.93426068899,['e30f30c7-195a-45a1-87a4-cc5f50a05775'],['0x8c0a5502f8f9c262c97ffb0d0b958ff934692bfc3c89e30275bccd5e87fbbba5']
0x5C8F77BE6639CBd5B669e409c610926Cc4E0E6Ae,"chriscocreated",14,3018,2310,3505,7256.631144650005,['7e199455-20e0-4fd6-8c58-be4e976f7459'],['0x9a8342e10a6ad20b8be752d70251a86d3b81df4dd60b5ccae211921103eb3928']
0x5CdF8F7c2951022064039d36B6076582a82dCC6c,"with-dani69",5,57,54,70,133.15064311000003,['d115a5f1-f88a-468d-8988-2f062c02331e'],['0x281871cf1c1a61f52480ecf3af2272d16fc43fda10ad8d78032ed00d229cf611']
0x5D802e2Fe48392c104Ce0401C7ECa8a4456f1F16,"toadyhawk.eth",9,1739,1350,1989,53676.49750649002,"['0edaa531-9bb7-4681-83da-d68d05988c44','8b533207-6326-4e37-8be7-c4a60f356d70','685ef239-8776-48ec-9bfb-e38ab2d8d5c1']","['0x1d7fc95021b409e2ee1add835527f835975635d22bb4e007a7c64d4af8371711', '0x7384b40faa6af048295722dc8205e3a7a72a4dd781289b3afdcf3540debd5f16', '0xbeae2eb0a88bab1388decd7b75ae62929368c6dece8b065661c5019a25c5db58']"
0x5D85e0403f815Ce6b88FA7653Ee84e46E5f59B95,"anemale.eth",7,1109,702,1408,2372.851530600128,['7628390c-30e8-4095-b115-4e055ce20989'],['0x3d4b5c2a32a65402a0b220ce38ac0a7be2a8a790187f2b4547d0b9500bf7e157']
0x5de2B5B72A0b49f7D4490a1fEF61Afa8415971F5,"pasbanam",30,598,565,298,16.15570554,"['d037864b-d216-451a-a46c-cf587766d6ab','48f868ab-a3b0-45db-bbf3-7fbd9c329533']","['0x04febf678f481608dff4e6c47794f76cb7f7d9dc115c3107981d826422d029b9', '0xe5f7e31b53d28aff71d309acc8af321d594942b4d0d8717ff3da9a453268faf5']"
0x5f21B25B5c642BC56859901C1e6EDFD5fA3c1689,"twanz.eth",3,2,2,4,1.75618317,['7e1c6536-2402-4cd5-a96d-793b716956e4'],['0x12c4df208edf8ceda4277bb30f570cdfeb78add8e29e78b7de14c7089f1a8073']
0x5fB8bbf7B9C064BCF41ad99Cf8736b1b204FF9f2,"jeyloo",2,1,0,4,0.0,['d80ff7b9-4913-4585-8272-c0c04ade3c31'],['0xac2b9ac6af6b15b67d01a7afc988561e6058ee3634789a6b9cb27b7ac87c6d70']
0x61F3452194de23C765560415894f0249560eCbdD,"haruya",5,181,85,437,106.18099084074399,['87a0d54f-e629-4871-b3c1-1127f9fca3e3'],['0x94cf3f992b9f55a513ed93fcf78d47ce3017dda921248c08505df000f3d6003c']
0x61b84CaB9dd4B629cC934Bb2D1D69f9Dc43f0d34,"hypodropd",52,1186,581,3607,1811.2334107166512,"['46d04a32-72ea-4ad0-a69e-08fa2a8e1ffa','e1d5477e-b30b-43ff-a342-94d7abbe6616','d49da5b1-b921-4bb8-8d9f-7cb5f9df4c0d','e0505063-a3ad-4af1-bdf1-28e103188c52','6a0ef0ef-2a1a-4ca0-91f3-677f14054c04','fe57a377-74d6-4129-911a-ecc65f01a14b','3a0e3f4f-4862-4269-9500-d3fbd8c1e321','b81f7e08-41d9-415e-b227-1d750a31af07','1b9878dd-39b1-4289-9e84-cc05ecf88c05','0e4ca90c-d631-4f7f-8fcb-ba47f427b1a3','50f372e6-45bb-4b2b-a503-dc59f418ae8e','23513b79-4c8d-4217-819d-6af599131597','6f6e606d-0dea-4a5c-b756-35667d65bc61','03adc80d-f45b-47b9-8a2c-2391be8958bf','26d03d43-2ae5-4caa-8db5-6f506b43dabe','e511d1c4-abee-404f-9407-b3870c81a791','4445a07c-3b7f-4b9e-be16-10a5ecab376b','6e4cb254-2bda-4b0c-9dec-354ca7f00182','2b5f9e04-50d9-4e09-8bec-76e6758c3690','9a283635-30c9-484c-ba55-4744ca0c7dd2','5de0f909-22a3-4cf3-994b-8256e2efdb3d','ffa99d2d-b42a-46e6-864f-49e0f573c7c3']","['0x3b588e79ff4390ed975ea3e001e8e1a512f2975b4e0803971f72b8197a55d7fc', '0x17d4e09ad7717b20d7554d0307119b183c19aa9813a42ce44726435975898fa0', '0x5a862d69ba14d0513a6692a0aca18e925201671b050bbf0adda894a4337f6f15', '0xa9051dff046af01d6e3ad7450a9746cf9bf4348d34a19c8920468b27d6682d3d', '0xf31bcac8d2efd1bc2ad7ca79a05218f90b789c19836955daf884eb1875a3852b', '0xa764ce02c6447b1b1ea6388ae52b09ce738d90f0e3963b6c247bc9bd1b67610d', '0xc82ce5f638ff0c13f85bacb47c0fa50a54df2f038c29ed53965ebb0ab51855b4', '0xe038ed4ca70742da2616eb32e8065f54fa1d43f662cf580bffe5b107d0b3ddae', '0xbbe397917af55e73daf94d93a78ab9dcb6aa45ed1ef6140ebaf8bbf373684352', '0x95de836e265280887906380efc2371f1246c2d3794ac4de3f45e18415512bea6', '0x54fda5edfe576f5a42894af88e5d63e653bdc9bc9c6900f5cfe42b21f88480e3', '0x12bdf6c6589f50e450d9c44b871c1565526e8b6485b6eb7781708f7cf67190b8', '0x18e1fae39164d2ec410fd2fcacc4b29353c5f59cbbc19adecfcad0d99a718c42', '0x25f0a393711624e33d18791f30d045e6fe73f35c5657c088c0648ae9fdeccffb', '0x7143e33fcc4b76fc156df95bbb8516a3069629930edf2a8df19154e40279bc75', '0x45c7ef947ad6d6ebf784cd926f73c43ca4a91a9a69c6adf650e2095c015d0f8f', '0xe2b68f9df5f2bdd3cc8b3d96fc0226600a84b0ac3a32fce5b4b886baeb2444fd', '0x15eb300f1577424846f8e99b515c3fcb760d2fe625de01bd83ace60aa756576f', '0xe6535fd50941f7f9dcf02c0637bc62138b41977fa00bf4253e9e30b853427ef9', '0x72bedd1382bc617f38ee71da881984d0dc0acca8091f22f5b40965f51d9e08f5', '0xd46215796c3cb272d17de796e8f6123e45166dc1d8c767a52e9ac7cd4f518015', '0xc1c39dac98b841efa86f91cdbdb4a761b7582e539158b89a4b2931660a0653ba']"
0x620CB697d40B5Ae77008e63aEB2F105Fe0F3BFcd,"evsim.eth",19,57,53,401,26.39225844786835,['0d3df48f-b7d3-413b-8606-0f6bff5be3eb'],['0x11ab4d65fe2655dad0a5102b0633e8da051f05009887397c0cffe3d45ad919a4']
0x627731584e3B1f0d731BEE6b5ACD090372CbA5A1,"pegah",4,29,15,35,68.22557280000001,"['995688e9-0595-46e1-9c86-3356ddf65285','8b77f0e1-dc67-464c-9459-27bd41dd0469']","['0x9cc2ea5b5d134d3a82ef2a94c02d70e60816977d170ecbb34fcbc37c11b03f52', '0x8d258978bb2271a0eb102452671af4203bbf26bff6abead90995e52bb91f0e1e']"
0x62873F603c1247929D574c4647A488d471DeEDe0,"chr30",5,2766,44,3085,28.204421,"['c8a77ede-eab3-4160-86e3-52f5265672f8','841d4ccc-d13c-4eab-bccf-9b19866ea8f0','a77fcdd9-0818-41b9-886e-9db18444927c','61a8beb7-5de6-4011-9f83-f955347a449c','d4e299dd-0a4b-4a24-a412-29702e28843d']","['0x29fdb25f301a2d8ca376118e8dfe88c8cb4737b1256d125b9185ce2a37e0ac2b', '0x1c56b7f577e50573cdd35631173e08d6ad0a7307faddf174c92db4661486ddcb', '0xbe4177b440f19ad7e752559852dc2e0afe63b974a7b9c1433aaa046e5a31d9dd', '0x75fd7036002fc8c34fe8b2d7a6e5612a796c40757d84502d0de79b04f1453001', '0xd8337155c4999de1ca0666c083be6ecc6f2eee3f438ed36234fe1b8fc4839472']"
0x63e0E1312A693a3E113574060C424d1411ab4d55,"speakingtomato",10,2496,1217,3132,1174.8628832088443,['8bca4b05-8486-456a-8b8e-868469c257b8'],['0x9f459ad3021c11e51d193258767a78f9131e010e89424faecaceea2b817cd00d']
0x64A15b1D2DE581097CB48e5D82619203E24BB3e1,"ohnahji",22,143,91,287,240.33198691600003,['64398469-2bc5-4ed0-9904-d1adabcfb546'],['0x4ed944efd8aa60943a0711dbc2b33fb759adbf2a82ec17648254bea81527bc76']
0x64bF8D9a93A5642cA93d98b5Db88B2Cc953c8426,"mortespiral.eth",29,726,272,1040,1084.223413204717,['c4e67673-630e-483e-a020-a968b537d176'],['0x2b72c30bf7563e45488ac20d105c37279c249b59f732ab49f2aff18a462adeac']
0x6579c3D18EAAba59aD175564F3CD1820d5726056,"sivananthan2001",7,5,5,18,21.99419458,['723a7273-2ad4-45b0-a6ff-060171999562'],['0xb20f3c55c86fd5d5baf4552b2b9e8ba7bdb8c5c88fb8db2a2d289b20969f07e2']
0x658884c6BE7A46cc14229c7646A57c9E049F4A6a,"soulthesea",1,254,228,321,795.1199176200008,['4fa4142c-e327-4867-bab6-562ea0fa8800'],['0xd26597e9ad3788fd6988e3fa11113a4ccc5563acea6e013730f1fcb21397fc49']
0x675D882d6CDcDd8b2eAEA95F21Fbfc6916aF89f8,"chillyazz.eth",14,520,472,817,5521.563174554544,['90bd6d32-e6a5-4339-9c97-5eccfd6d350c'],['0x4c2dc90e74ffc576d69f332d2bf7a345bf0bb0b71ab5db11f553acaca5703430']
0x6826Ba168776251688D4E3a6C4AC430CF4F185A8,"farazelahian",2,11,8,18,4.307448,['e9d828f3-4dce-4805-a40f-f9e49f78368a'],['0xe6fc7bc05f1cb9184a437a468ecfda00cdd7b09e9d0901d0376a0b7bb47304ec']
0x688f1d8b0C59e9716d3512A0Cbf32CDa837544DC,"duodomusica",13,383,213,456,897.6627620276153,['4c0c7095-8558-4491-b471-6ec9fd78e4a8'],['0x93497ad26de85d78b9772db5d3631845154094740a8eb3aef89fac9b56dfe36f']
0x6Af6d6B3fBa247129c32544b53106AB3bb772902,"floc",1,627,590,795,7674.541999999997,['b1f3f5d2-da63-413c-8910-ff72414c719c'],['0xff535b59e848b9c99d3f980c2f86925eb0d9961d1f31c72ed8f35f5ed0455521']
0x6EE8c43976439426108fadEA444Efb016c2f82CF,"beerguy.eth",1,15,14,23,2.9079932162762745,['cd55b9de-6485-4617-a46f-77002b15525d'],['0x70d59a62cebced5cb8c86482abde4ced43ab83221bad2ba101a74bddb23cb5c4']
0x6a7415B36133C6C3957e4772B8009068e170C648,"ethan666",9,134,122,254,370.98925291,['97b4b151-a73c-41f2-88e4-462f1ae4f674'],['0x800402f4f35a4b972ff3b32c60d2217e259148abee44023f97bb48f6754cde51']
0x6d1b0721A5564E0e6984aA74165979771ed00521,"reallyryl",20,988,877,1209,4007.9672423510992,"['d3dd8330-b63b-4760-876b-ce7d9034b40e','21aaf79e-3e32-4c6c-aee5-ff5d04f65d81']","['0x43546b73875937b78003ffcfd1f8d10ce90fefb121613399ea6aac61b2c570e6', '0xd6b4502807711000ed6c2218c6fb08ff6c2a833ec505af7340b84d506904ed1b']"
0x6d25F00225F83A30b59aEc30Eb7965acfffDF51E,"0xshakila",13,751,667,557,8.304643466185569,['a1abff70-14b3-48ec-aafe-fe3c24c71461'],['0xb0960221691a0a7a16d04836ed6c975d3c99a27baaf3f9aab314e433dc720522']
0x6dA0a1784De1aBDDe1734bA37eCa3d560bf044c0,"mxjxn.eth",21,2055,1663,1909,7293.283380510287,['f7e2dfb8-7b8b-4dd3-9c1d-56b5a2450030'],['0x0bfb0354e62b1cd07991994bd76bb2fbb2d7382cc047dc75d4e28ba10bfc9318']
0x6e78b133945b3c1862E7C61a7c984E2c06350388,"themeht",12,182,170,36,0.0,"['94284a0f-2985-44cb-af02-2b7d859d6dcf','44acd761-1aad-4def-b83b-25220b336c6e']","['0x8ee67c73524bc5b455f16a075080403e7ead75945e83af8996f5c15495536c0c', '0x51991b86ca6ed1b2e1b0298705a1af98bccbeab9898b74d0fea83d487297da96']"
0x702ba46435D1E55B18440100BC81EB055574875e,"panik",15,189,119,424,849.02060891,"['6476b680-2ea8-4d07-9a1b-226dc70d200a','92dbc544-3040-494f-a02e-3db410cccadf']","['0x4013596428b12556146012741412595dcf698c86d4e1109b377bc223deb022f4', '0xcb2b0d4468fe9883e1e3d9b15f234890316925163fc65aee205d8a77d300ee25']"
0x717484403E281103f0A00604Db22e0aA21401947,"richtrader",6,64,54,124,7.724093451319268,['5a444dd3-2dc3-4bf5-8bc4-5abbe635f05c'],['0xc98f409005dc4e36ebb848d94b2cd582120b2d857acbd7f3397b368f5f45ab0a']
0x720d3A3AA7c6BeC98Be27a64b9F4F42eb79BaDc4,"ismene",7,2123,1779,532,82.14060315960774,['82343a62-1c9f-47a3-8505-2e98dc13b08c'],['0x2d758177e1c69aa73fc5dc62bd1b90d8d86ac426528792974f962a06edc5d6cf']
0x723bEE2edd9595596a0CA2fa71ce505695735568,"pariisart.eth",2,1,1,2,0.0,['1572b488-74ee-4ed2-b339-19ab463c4bec'],['0x7d5e57081d728347d55e02ebf959c023e14ebee065d663449d9da9ee3c9e2a7b']
0x72A0B75E4c7229219678E7194c05df2F54A9bcE0,"airdroop",15,242,199,282,142.39354836,['e8f115d7-923c-4cf9-b8ec-7092cc384273'],['0x55f47ebd68ad617ae2d4531a6ca5ba73a9a071c6cf22cd15f40b4b0c1829d1d1']
0x72bA95D9701B0aE496AB4320010a43a764905b1b,"armin",17,163,29,680,300.31463728474785,['8c12c1a5-d565-4851-abf2-1e22724816b0'],['0x9f6404eed4cb04fd2a0513887bb13c0ccc29dc9439cce5b183baf28e82af6110']
0x732Bb12525961f5853154DeB9d0a4Aacd2eB240f,"strangehistory",1,515,490,150,0.0,['cde8a0f2-2805-42a1-85ef-ab5f9ccee491'],['0x2bfcceddd4ab758abc7fe56ca211676d2e88d068b38a6de5eb0a71d49f28f892']
0x759C4eBeBE5071DB56C78B6c7bae53c15CB2F6D8,"ambervittoria",1,1,1,8,0.0,['339e131b-ffa1-4d57-b73a-f433eae41e24'],['0xf8169cea24999657d8287bdbd28f67de67eac15da3c3c2ca378dcb09276b88d0']
0x75C83356987c8d813829D9FBb5DE504b547750A6,"goyabean.eth",19,53623,9583,67196,33098.693020040395,"['68c3c1ab-b463-4bac-9ac9-d082714de866','577bb646-68b0-48c3-b948-313008f63f87','7b159eb5-682c-4226-be03-0aab207dbc21']","['0xf6f5192da6d96a311df456a03a3fb928ef21610d69fe4c4520051301157e9944', '0xaa7c47358f6e5cfb67216c0760681335f025d0da40b29e70519439e8680d18e0', '0x327c41e0a5575b80943ef04e740575528d1aa744980e985c2bcd3d01b284d296']"
0x777c47498b42dbe449fB4cB810871A46cD777777,"apex777",7,21875,11896,26511,70786.29789194316,['902b06be-a6d5-4ebf-8baf-617e17efa34f'],['0x3766cfe835277ad1ee063e0109802991f4942ed4af89b7316eb099757d901305']
0x78B2De47FE499e0a6f7A67DBF965B8Ec765D2D9d,"yonfrula",3,1171,972,2151,29611.205764,['9499e84f-3910-43c5-92b9-667bb0d502e3'],['0x27fb2497b7f752df17355fdc21a1c18f562dcde613847c39fdd7a6ea638fd44a']
0x7960F1B90b257BfF29D5164D16bca4C8030b7f6D,"compez.eth",9,3328,1321,3727,5040.679985399999,"['83ae6055-131b-4129-9787-8d807c784132','2dd7fc48-a0ed-4286-b1c3-b03bb9d1a13c','c377e7ef-acf7-456f-82ce-4515adefc3a9']","['0x7348d3bd6f8bca83469854cf131e96d3c06052ae8ac025c73df3410aa7e4d6b0', '0x7e635d2f24935837275016de42389119a9ca6ec968383ea4ac81a4d6e002c803', '0x2983361eeeef1ff775106f077d54d2b74700bc15740e94bcec41fb8f36463cce']"
0x7B464DeD7c06C63351936083FE26D72590ce2bE2,"galafete.eth",31,1546,623,2649,2773.291352088684,['d7359b8e-326b-4315-b751-e0a0578064bc'],['0xf8175624ccac4079541b635563ba436095b87f5367510b7d3f6a129e5411b467']
0x7D761612d6bAf6a3e73d53877d4DD5142246E6b3,"pejman11akbari",7,150,104,356,3.3756814757654183,['23a78308-9299-4ec3-9a25-60d919a9f3ea'],['0xf768aff99941ea82046b8d593b3065110dc2a98f6fee2a0e8bf2ca86e20610aa']
0x7E5283035e728073E8ED1cB1d26490A7dAeA3766,"xbornid.eth",16,39,21,93,34.34811094759671,"['8ab5a45b-2035-4824-be5a-e9c63662e0fc','9970dbf4-7ac3-4302-9765-0e5f9825d91b','b50081a8-a2c0-4a48-97fe-411f7a0dbb28']","['0xbd50b701d73f31046d04d7e70847d606373b4a661698951385e6fc3b38a51ceb', '0xa873b779fb2b6ed551cd7e01b4fcf1d8bd9dfdcb9f6c80cc8dc710fc3f56c2f8', '0x903f5002b4d7c6c79dcfccbfdf483ee9697a64941229d0faeabcdc26eecf86c4']"
0x7F60244433Af55b0f030f05a798A48Efc01b18b1,"onixia",1,38,29,72,2.16726279,['e0e128b2-2e80-435d-ba41-2c0d650c7e7d'],['0x4553ba7d3108b51fe5e7a41fe17621f2e616737af906915c6a86259599b756fd']
0x7ab125904AF75823858BdC7259A08B581999C0AE,"smnta",13,226,165,302,902.9342065700001,"['0ed7207e-d7e6-45da-9437-c08d299df01a','79c311bf-7980-49ca-ba1f-62c678686dbd']","['0x7faa36f332f6a47654a2dd7606407732db841d38063cea49cfb364f9e881caa6', '0x72b9ea27581b8f6984a9fb80cdc2588ddf352b3361751b2e850c623119c43743']"
0x7bEED30332656CA4220CB2ce8E4508fb18013E8d,"mera-takeru",20,108,44,310,517.2481225299998,['22f36d32-5b61-420c-a058-f3c5681c976b'],['0x18819c1b06e715adf950740c76f5450e2598b83a358d07c7e0ee3995d7f8109f']
0x7cc02d6f7f112e61c117fa10DEcF4B7C8c93316B,"frdysk.eth",12,8284,5560,8878,2806.3898717900256,"['5056f4bd-d0d2-4bbb-9919-835347e79ba6','c4796f46-871e-430c-bf5e-2aaf26a58550']","['0x5828f911afdb9047753a41aea0d97858e0dfddb9d060f58752a472d4efdcbcab', '0xc83e129b7ac1633c5db559852eeced54661911898360e67a026f9d65a870a9fa']"
0x7ce294D2Bcb2dE76a15fcf7055b0B14253Dd3B33,"ilustradoraeth",2,53,51,83,176.11016243999998,['8b714182-802c-4d34-a61f-48d213b94bf9'],['0x9a56ec9aa3f28d40a821433992e61f99987e84a026568420198fd5fc7d01cbdd']
0x8036BB84031E60A1bac93078c0e59BbD5E485db9,"miguelgarest.eth",4,1239,1018,1626,11413.686183510006,['5cb051e9-36fd-4fa5-b5e0-1dc27f1fa80c'],['0x8678651883aa70ba725628653e6863e71ed95a3d1fd3b764b03508e9731ba99c']
0x80897383D295d79079dfeC48F4343F121DCB7C03,"awhurst",4,58,51,90,170.58413666999996,['5e4f9dcf-8863-46dd-8be8-3f367fbb7c5e'],['0xe5360c321565253f23bbac993a987fa7a277ac00a45a18492e44c41a29b372ac']
0x829C0F59FF906fd617F84f6790AF18f440D0C108,"mx1000",12,96707,23874,109784,110191.44839499076,"['dbdf5a7b-9635-4703-ad41-7fb29f96f88d','84c008f7-f494-4bc9-820a-eebe1c955317','51686e28-8eb5-4ebb-b43c-8cc48a6f359a','77f0846d-9994-4cb4-a35e-91d77be76c95']","['0xc1e316dcf43dfa922e3bc96748f68ede0a616de1acb89fa27a7e444caa662899', '0x5856be128b614c252d90e956dad0d932ca90e957d037675993859180338b1f17', '0xeed93adace42d0a55cc0535dc130c0bc4e8348d3052f9c65db1efd298ba8e58d', '0x7add0636b3fa89539fce4e4b248615b1cf4972ea9bb5e44268d03979b6b7b5fa']"
0x830540B0750350b0e17c377c1Cc56b19b7AF4885,"demonego",11,1484,614,2318,4975.823077520003,"['c541ddbf-0b96-40d5-8635-d40008570c62','f0917f3c-2a74-4dc1-8193-cd3f2835d908','fa9af5c7-ee69-48d4-b5f5-c0a571514607','5228c991-7111-4253-bc1b-0df49898fb79','f353c729-bdd5-4a61-92ba-8d534106802c','062bae85-a1d6-44c7-9608-a9938a599e47','d8f01782-87d3-4d2d-b675-5dc7c28ff133','4216bb63-b365-43bd-9dd6-7cc19cc392e8','c989fea3-5580-43c0-99e7-b1f5b01d1128','e6a95726-1435-442c-969e-0bedf98d742c']","['0xd5602aaebbeed621963d7db5335ed1461b36f06a2c8791f0bd4693c2f86a8e85', '0x03554057c34dde62e1470739678139704b22b88fb4bf4819880158ef947acf03', '0x580a0b30d58b9a2f1dc561af02baa064727077834c0c62eb0b701856f308bb4f', '0x1ec9ca7d3447bfd1b1dadba7627aea61ff1c6df6fee849b3c4888b6fd7c02760', '0xa8da2cfc95a467224d7c19d51836119af54084ec935b878a29e08e13c237f657', '0x2619aaf179dc8276b19b4670d484cafc1b218e845aff4e5f2363378bf107bb7f', '0x7e0cff3458c0e1b1a25c0fb4d8138a6809b04188d0951654caaaf18c7002f339', '0xb2c39dc1c9aad43931f7740612719abe0cf143c7f25d3c60b0f5d4e0cea1002f', '0xd889c4f101d434cb3bdc3bc80862c3148ea4412fdcb04e7a72973a753fcf77fc', '0x9ec8b000b2d1064eeb25da3466c44c2aaf09082752727b42b00c2f62f59bbb70']"
0x833F061211f26d8168E10C0FBa8c77aC8DeC346e,"janeey",1,3,3,2,0.0,['b0e04dda-8042-4865-923e-f32e3462923f'],['0x338bb3b39f4ccf0c3c6ce03c064af2769810a7bd7a51263908794a892b023e6f']
0x84EC34a8b64e9A40248599fe0f8afA9d66742Fe0,"kunggalot",25,14164,2003,36668,100.35948980999999,"['fe8e58b4-d31c-443b-a2e5-d7eb2b5a95a4','a7b1b5f3-bbba-4d7a-bc66-2d5c710d7472','6f219dab-ac1d-450c-ba9d-9c0bd2aeb384','f93dabc5-3aab-4637-8dc6-fe893c93e540','eb8ae241-80ca-4795-8376-14d40786ddef','f54ed889-83e9-45f9-a208-899abb7e9fc7']","['0x155516434d84eaa77050b4ef00a4e3a49802f630213617166472d7928098a287', '0x04005fd596a7fc09bb9b352dd974cb741f1185eb677ae5f751d6881c236ad86d', '0xa552ceaa9ba2c175421cc70c11b3488e0f66a2713dd6931bbde1125fe60f9233', '0x64043460dbb0f21dfbb8163d7e46a82ab2630ff60cd5c862b763a668609d8549', '0x40e30ee3a134272f2a4300af3c3691121250ef034eba6be4af5903c119d5a560', '0xd55919fb446d41a25e08a85102cf7c400c78deb335f54529a190762c532aff4e']"
0x84eA8215947e5484EE59818B789de9b4555BCfae,"singhvi",3,7,6,9,2.041024,['4898dc20-de83-4cc0-a1cc-3020fe28ee7b'],['0x224d9a8d194c57dacd30aaeb6a9f149f8a350c74c4e21ca2bebb74ece5212492']
0x85F15D0E945D96Cf43a9156BC6ff63f8821b904a,"arcitotti",2,1,1,2,0.333489,['5880ec5b-6180-423d-97d7-0457ab05c429'],['0x26827c60cc090556d291ec52319b7fb04ce60d4b251aa26bdb51a074adc2eeec']
0x87690be28b65F13394741C2C2BE5A6bdb0505039,"borrowlucid.eth",14,19,11,41,309.2600783,['47178be7-9398-497b-9fea-2d9203867d72'],['0x7ad1b418736ebe6ecf95e1bafe59f8fc4856f5da427af3280d3ad10fa0d5c682']
0x8E332aeF84f6eA698D19441e955136db20483247,"aallyoo",3,1,1,3,1.37042231,['3ac2a5ed-4140-4e37-bd60-1208d40bcfd0'],['0x34bb8aff912a5734b6a5ecd511c6a04f41897274bae5c2a2a0895f0fbfd3d27a']
0x8EB48F7dCc00655E931fDe29BeaA3311021438F9,"hopi",8,536,177,613,680.3591857460161,"['f30733c3-49bf-4427-b008-06bbf416f7bb','60c8ae4d-1023-4245-b4c4-b1234a6ebd2c','62cd819a-5cc2-4da6-be8d-4b79f11cd2d8','e3bbd681-36c5-45aa-b9ba-9231a79f7289','053e4266-58f3-46b4-8dab-e521c2831ace','f53762bb-e824-4b14-a55d-7e3bfb96a1a4']","['0xecb3fc4f2859fc3aa09879b93f743f8e66913e491285c11f99db0b1f90fe220d', '0x7213e024f027ba80632936d5ca801f30e20f293145007cba02b2404f22951edb', '0x45a684fb991c93922bcab46fd861f3479193a12eddee9764e5834afe19ccc444', '0xcf9f0c7fdcc42692dfe1e6580488c18a3081e8ac0701b6334405813ddbe452c6', '0xdc0c393c584a6d211742c422cae27d9258fd4fcd57393a0d9bf5041b776d7df7', '0x26cbf24096d1917a0418cfc5cce24db23b56594ae0db1a8d9dc0b30cf261ab6d']"
0x8F28495185676fdc2666282bB528a71C13fa5da6,"lifehxc",5,10,7,20,49.00294650000001,['e6028388-0b30-4157-9b2a-d660e5b12fb4'],['0xdccbd7ea178262e40c4d2b3ad0caf13699c6687a6c8b53f11aa3625af3ebe0de']
0x8aA27E90E139d5AB5704df69429341cbCb2d2464,"acidlazzer",6,80,48,66,99.38537359,['3afe4ff9-06c1-4c32-b45b-dd34e4472eb9'],['0x03a623d1a47585c93964bdde7653c7dae47ebdf97d037625d597b895fec0950a']
0x8aaeF3C365f90318d15944587D1D3d842e16565A,"0xzara.eth",17,54,40,87,502.6208211424013,"['974887b1-00d8-4f8f-886a-cc759d623bee','67aed5dd-8de2-4680-ac41-50d9de565d53','ead2dc89-13ea-4e19-ad70-cacaedfdccc9','1991866e-a726-4fc2-8626-ef927be8dcc8','db703e47-7509-455e-9ead-d4e1aa7be9d6']","['0x3882c24539750e398c21ddb67b25e1c52d0f3aeb035facbea19c9c88c20e3598', '0xe7fd68c7d1c1f8dd99ab2d36a2822949f58462ee7bb1c8123d4a4ab3bd1303be', '0x0168120212a472547e0eaf8364fbc7a9250840b9a19c9136ea6781f2da9dcfbe', '0x7896a59bb795fede18277d3b254a17da49bf62f655f4007c4cc43f58c21fca6e', '0x2df1aa65ff45e78c65b86d779090db787fa403537134c75cb15375c5bc2c5b79']"
0x8bEfD41f955C92ff7343d583e9f37460c90A1ab0,"trapers",3,854,464,1350,2320.02212442,"['27dc8ebf-243d-4043-a003-6a53fd7d9ad9','58349b29-272c-4572-928c-b0093fa8e045','50b84084-7e83-4690-8339-e63338fe4d40']","['0x821c16b4bdf17508f6e499274796bf061066a7eb5e982f5dd2621110ed678a45', '0xa4a1735f2d90749470a0259a88f0d40719824be9c45bdfa0583d61c3f2bce6ec', '0x82b0b5c9051691d2a50c90065b64e1ee95e58dcd7de61c576267a0a217ba1c1d']"
0x8dAb636453Ab583c433d585D22760Be69d2AcC10,"hojak",2,1,1,2,5.77906,['1923ac9c-2db4-428a-899b-64a370e99488'],['0xf691d0b0326e65193d48fec389bf566c42d42205c60bde8014eb5724983b36ea']
0x8e3a724Ab1c58941aa71Aa47372d91E6eEA4c45f,"midi",12,4182,1924,4437,3927.2972272416087,"['0e2d9d7a-b8ad-4fed-aaac-16225552ad66','8f267809-2774-46fa-a981-f883edec88d0']","['0x25f63aa12d1807e2981ec5cb502d855cb8671e4d09ec6f04506dec339850fe41', '0x9f5943987f93b44e805f7b4c3c8fccc3ae61df43ac8380b3bfa0f66feaa91238']"
0x8fEEe00f1d8C355086b4667f153C744688b7F6b0,"guruguruhyena",48,3710,1292,5039,4757.628027996695,"['c83ded05-e27d-493a-b0dd-56e55a8f442a','a6cd4000-7f17-48d5-a2e0-d0e0cc69629d']","['0xb78012da3108a20a8b8bf2cf5812756bbf40d7fcdeb4335eaa7e55b57bf05dce', '0x51d07a8792a25d8555f0d8145223911020ed99d9b1ebf939615a4cfdb5d2e717']"
0x91137bF8d5e95CE028235f38DBD7274A50d0f258,"tinyrainboot",6,114,85,205,208.40747502000002,['7fcb7ecc-d96a-4380-bb32-0fc8bdea0753'],['0x6513749f08081f61fa3b2f5f7b5a111e4bba91e0d74b1e69062fe10063ca6c89']
0x91b52e9833dc4C681b5419F3E96093e85BBE8F91,"mbranson",7,516,461,656,1565.3838489657537,['08b659c8-c11b-4bdc-aaa2-4c343d2724b4'],['0x733f8d3e0b7b2f292638d029086a94cb3f49fbc5a813d31329fdcef440e86011']
0x9391546d6A2A73FC5F2FD61237De9F783c535570,"darkknightutk",27,95,75,480,36.131506609929055,['7c94c0d5-0fd7-4c17-9935-f4ba6a94b2af'],['0xc78145a233afd62414b1bcdbec91f4d9ff3ae2ebb6f6aa525f4509f4496911cd']
0x94734E11b78680a35b0A86ba3ce634d334d6d2A7,"yoshiro-mare",26,115,72,202,899.2747061543905,['24f853eb-cbe1-4b5d-8263-9671e45cd816'],['0x8051c9d8dbc911d40270974a2fdf324966c91e51437bb4fef0b6e7bf6b049049']
0x97Ef485C524010F0bbd04854BE7F519A3f4E8edE,"swa",2,78,61,135,0.2299996544309604,['c841b036-a31b-408a-95ad-217ebff23355'],['0x36d7a06c8f9a350fd75c1ad21f8aa6a79cb0046139d78563bf778bf1027e282a']
0x985f83b7F62474CE7919Ded79E71Aa0fcb3b34c0,"nomaditax.eth",2,4,4,5,3.3762397600000003,['07626d4c-1ff5-4d2a-8497-3b017ccff86a'],['0xef8143c257a0172a19ede9c27d1462a1564959b1a74782c3d7ded43d356898ee']
0x99aF5A5bcb390fC3d6B7B5E876a2e4B45d003254,"fabrii.eth",8,328,113,414,730.2920351099997,['04c4bd73-f213-4c72-a97c-87dc040a7dd4'],['0xf24001c06e936948d0df04934638c96a7fa62963e94e20dece673435faa60dbe']
0x99bd730362bF96288E47Ae5736b52b48adc3A081,"samhorine",3,159,116,214,304.24428228,['accb98a3-5dc7-4697-b538-66507263618f'],['0x2ebad35c74cf6e4790e3be92af95b941926b0cf33e37264f1739bf7ef4238f43']
0x9C87A1065994f156f0B7b87AAa8B3c5F7BD67E02,"brettdrawsstuff",8,1810,1472,833,1481.602615453999,['ceb43856-9a4b-48c8-8560-e6744fbd2e3d'],['0x0546623b12929e4ae616340aadb46bc86541bd5801cc87ca450364a6dace0061']
0x9ED5c1B24478f5069fEbd8359A3869F971C365c3,"artbyjah",9,309,186,342,667.3484779500001,['1aa8d24c-7b1f-40df-9ed2-160969fa0a45'],['0xfbc909ca1a887acfecf5d061b5ea2884c739080d321270c1483272f11193dd85']
0x9aB4aBf927b1eE6CdFca539701cFaa916459A01e,"iq2",6,305,288,77,0.1365701429015522,"['72f5a687-0fb8-48d6-81a0-da284f802dc0','d246d42f-acce-42a8-88f6-f1c0156bc26e']","['0x0ec87324d2b5889fe4d9f6a0db69845a84946fab792b96e2c752b328ab6f34f2', '0x7f6d162ba12d72619fa45e498257bc868bb041b640aeb9b5f1f878cbc7d53bb0']"
0x9aDdd91874B08F6856bF6b4A2263665d2Bc0d933,"bfg",8,379,118,468,505.88373591000004,"['9db29f52-f3c7-44b1-aa52-cd2d4c35eecd','6960a145-2849-461f-a092-fefc891e36b6','8ba20cd8-898a-4988-8c2c-ba8e93b01c44']","['0x1896eec6b4574ed16427912431567949f9740a809fde18b0ebd88a44747d4b8c', '0x8fb1e822e734c7ce19c3893653100fc778bdb93fb7bd6f4a7517a0e906ebf9d8', '0x5775ad9f9ad9aaaa538c51606cc45a86788a32bcd1f0f3d55b51209365c8e594']"
0x9bfbF1fC2c161c4B3428FA4f7Da82d9dCE5e5D71,"tokenrelations",1,3,0,4,0.5884776,['4858cdc8-0b61-4e43-93ca-2f5eca03d9dd'],['0x0854beb52e6b9540d331c6a4177ef3ef716bef030777bebbedde75dd0cd46ca8']
0x9c825f0f21597bE24dE23B3E8BaD6B6A4BA23579,"lafemme",23,105,76,211,4.922556332484642,['2a2cc6a4-06cc-4c9d-9011-a292bd14263d'],['0x23559b8bba306cc160dce2e0a7359dad54f694cdb2e81df7721cefdac8f5acf9']
0x9d05b346C796b8Df1f089e4eb815b007E55abDC1,"richbabe",25,215,159,1040,0.7872965064667842,['ad1ef790-e6da-454c-a340-fe777dc22faf'],['0x4ac4f9c184ea76d46628b87e6cbfb95554cb4fe9c2520fe5a927bc749a87d673']
0x9dd7604F02f9BA324F7CeA8F08E8a1945165be9f,"joshisdeas",3,41,38,46,105.51567537000001,['a5c3b1f5-7c1b-402f-ae58-c1aae4c2c557'],['0xf77270cc463a3dd4b049a351fc1229bbcf740da702e197d7acf3f8029eda0ca2']
0x9f327969A2AEaD18c7D0424c537a05C597080261,"victoresteves.eth",1,1,1,1,0.327823,['659495b2-cc57-4943-af0c-f2f6aba19636'],['0x2be640ad17031988b1f35fdb329757fcd0c824fc77ad003062c98d8646164c6f']
0xA2FB6967a323CeF8B481E88B39539Fbc22d61E09,"manuwilliams",6,445,308,536,698.4434664391084,"['310d6d30-e6aa-4e05-bea4-a8ff2d0be6cc','a6b31553-1d6b-4845-b481-97cd59f085b2','9c0a2cdb-fa3e-4f53-b855-60d9ef425934']","['0x60b8aae28e6e1dafa761dab9c57dded7e0bf3aa345a487251c699b9b610e6eaa', '0x68e09b35a1954e9bd531f74e2aac25f777a568758b42ea477ac5a1409213c31e', '0x634788f7716358f16fbb7d760c613e70e0bec0f9aaaa5efe2e24c18b1a8e39b0']"
0xA9ce363e7Efa49C12038cA361616139fF477857c,"kurdishman2694",7,77,57,149,0.284635072102062,['82cfca7e-7d28-41cd-b431-b29ee5f41e90'],['0x364e8871c06db1ec71770aa99045065e477b2af4c276678559e77cfb8dfee24c']
0xAFAca46F253c85D4BA372f82A8A4F4b0dd5D7dfC,"peternitsch",6,99,72,121,1265.1132268800002,"['eefea347-f135-4e2b-9dc7-54956a292ecc','52dc8183-de3a-4364-ad99-c96ced1b5b96']","['0x7f2ed6622f92e4d4d1c8a7c86096553c1e28c978dab4b31f0e31670527617913', '0x0cb937b3b75dbed2a396a0a781b9509d3ffad6d9dc55ba85ad57dc9345a44f26']"
0xAa66fC4433DFD254F05A720A8c8a2f1F2fbDCB58,"eldarfaaiz",13,5,2,20,4.663365509999999,"['785f379e-fc60-4569-8fae-8882fbfe5131','a5d15bc1-36d0-4915-935c-8f8911034eb8']","['0x8db9c9526a2fe2a36d6bd19e639624b414d6fa196b4141f7b446d75fadff3a2c', '0x579f127df02ef6da0debf98dda79a298c787a7bce0679c9bd7a6069bd5458d53']"
0xAeB7aeB5c9ce73a3393daFfd5E0a53246Dd744A5,"gretagremplin",2,69,56,120,223.5820699327669,['fe6e88cd-6b1f-420d-9cfb-dbc459cc45c3'],['0xb343911166c898c68432bec949c42ef9a6d7c81a9374d62004cc0b45ccccfbc0']
0xB3e836fA510e9D663594aD20A0063d9C52afBa9f,"earlybirds6",1,1,0,1,0.0,"['38fb0ed2-21a0-48ce-8b66-8eb20332774c','9009689b-bbff-4783-9ef8-7c1506c5fd1b','d7b62af4-252d-4608-a263-4cc287454cf4','a6336c27-fa54-4999-bdf9-518de37ccb77']","['0x0a546eff51c14518b479e9b8cbb2698b662aa264a32bb0e18c620f682a0ee893', '0x51048104887a4a4c2cf0467f95240abee25e1ad9eb1f016bc7e17e1de2375dcb', '0x4162d1ab22055691ee26c7172751ecfb346ae21d601bbecec827a01f9eded227', '0xa9ff15227fa10e98d39bbe18163833b6d3e804e594b6a0901d011c015c8a573e']"
0xB46adfe7e10675b1E43F9132dA7f00A9aD3642f3,"erik-bulckens",4,96,90,107,227.51149188,"['0a120055-e1d4-4d80-b116-134d4180963c','e002d70c-3578-478f-aaf9-beeecce6d554']","['0xa1a3e67e810a3478a55156c0c0db83382a38da8a6782f9a89186e326bd0e5451', '0x9c229d0a475d276fcc5808897cced2abf02080ba872b8ba13deaef2e10bf99be']"
0xB53B26F0bDe66Fb1203A187c79E1d25c8F0e9549,"theonlycakeone",5,124,101,188,322.1401538581692,['66ac2a6a-81bd-4e2e-8f03-61c9878b3a4a'],['0x1eba4629bc5409d98e27d380b155405106f7afbd03a4cc0b398540f60babaa94']
0xB7B32c7E0F83533314018a8caa1ccdc2838FCFD4,"blacksky",4,39,22,72,3.0210741151459763,['029d2a92-4838-4be7-9169-4b52642ca6da'],['0xcead23f90d7807483a7572ac508282b1d1b5b1d3955710e47ce23abd49c938be']
0xBC3aB562613d3eBa0A48099816c5bC2813717B85,"swiftwisp",2,19,17,47,9.37717248,['0cd66dc7-b940-46a6-bfac-0278dc13bf37'],['0x206e7fa16b4d1a490c5ce1b44e0ec76afa97fd7c2a78c42ef24e18735fce019c']
0xBc1691780C0578e736323380A9C5FfD2ca578360,"ethdaily.eth",6,592,422,758,684.7649203599995,['0ef5fb13-5098-471a-a9bd-fcf8cd14f727'],['0xeebd0d5e3b5d928e7d50ff8adbb1e5957b22c9262482cb107a5e2af2729fc50c']
0xC793eE64E6Ac6239C527fd041a78A8FCaa245e4f,"claireujma",1,4,4,4,0.0,['c48e4018-68d0-4689-b903-4a9a408e4b49'],['0x63b209a64b2ce89948be9e5925c2d3661cb58513c66b6060bccbcfe02fe43809']
0xCA543E72E8b2e01fCb82931A0c973DED33BeBb4D,"xeet",5,86,71,194,0.0,['3603de9a-1435-4646-9a5a-21b47cda6886'],['0x73c0a9932324c7891de9515dfab69e780cae731492257b77d9762c2a6c031ac9']
0xCEEd9585854F12F81A0103861b83b995A64AD915,"nounishprof",8,506,435,401,475.02392049041754,"['7528bd62-8e2b-42f1-afbf-f7c922b63390','53cf1ce5-1be1-44a5-bcad-a6e7b2cc104f']","['0xf13063e0d3196b0a7065f7e9767a5b1306461d769593f947397ecf53c4ec4f29', '0x859b0703d246ef9b754f24c0b4015fdf9fc10a2442788eb6db9da7fd93cbcdc2']"
0xCb389764a2f5CBA2b0A2dA429715D422Fb1FF598,"akerems",2,2,1,4,0.0,['e2781554-35a6-4a4d-880f-f9e6c57988f1'],['0x02c02ae397fb0e5724d07e9bf0a0b2e53bc581ee6293b5bfd67ab06696743060']
0xD283AC6b8dD58CDE7EdE41002219D976115Dca36,"nftk3vin",3,15,7,24,12.96222027,['2181f357-6feb-4919-b0a9-fed5650164f1'],['0x4d2176a6673d05b81f8c5648d6da902be2fff08066f71d8ad997a061a61fd073']
0xD3028b4D448C88a31Ae5A11Cb35d0426763727fe,"leafdaze",2,17,11,39,0.0,['21e6df3a-d043-443e-9528-54479620c0a5'],['0x2e3a5e520fabf9bd983e2ff3cd353f3f0093479ea0bf73325b7cf645fc94aab0']
0xD41cEF4f79a2cF4b9Ceb670E64029A93a62b8FB6,"romansys.eth",2,25,20,34,46.106799269999996,"['b72338cc-4692-4eeb-8584-64e6719a1076','545355c4-7731-463d-a075-0a01f8cade60']","['0x107a799bf451e5ab029afeec7f8b9b4f44b4d92ae2acf815401af7bac6892b7e', '0x47db62175cb4ab31391c61c5e64bf069bd5e3e2ea067bfbad0e3cbc110acf7b2']"
0xD5DF3f5022572F461459fc62dbbFAA54191Fc551,"vikvii7",1,12,12,13,44.37047622,"['39b5b3c4-d327-436f-871c-8823a01d9f91','971227bb-e432-4b17-9cf8-b295e318216f']","['0xbc95d714eb03cd799a6ccee8ce59e8b2b816853d0a2bcc592afac64268e432fc', '0x5cdd622ef562fc36f64917021310c3f26b0328a5a98e48f3a43231264e84d4c8']"
0xD5b472FfAF39476F83B8975667169AB6F9216dCD,"samantha",2,156,129,103,51.04279278,['4935954b-fb4d-49dc-9557-9620dc160b40'],['0xdaeb4b71d999e34064bee10f569f33cb652dc1987c335a4df307137c396a9b96']
0xD6C09962E907428112069273d5C0dc861e7B1C57,"davyd-music",2,4,3,6,5.182799790000001,['460dc781-d353-46da-8fd4-197ccebced6d'],['0xe8a6f355d3b2ecd7b3c3feaac114cb597d5bc2da978565d2b55a18bcca7a4765']
0xD9bFBC709DA3e481E469AF815265fBD1BC4ae31f,"raven50mm",6,299,96,249,251.94462221999993,['8a175e5b-0c5c-49e4-ba8b-87ab6d713367'],['0x95a39de3420f5e6a7c2b9b38f37f6ec48cf1d53bbe321f101358b8029a4e5a0a']
0xDAB8699C539b3113cBB87Bc34d1b2828da3428dB,"muyguapa",6,7,7,25,0.0,['f8829fc5-8d01-4621-985e-29da89379b65'],['0x56cc49d8d8bd73462d6b210d6899ac51455c8d0aef73d988d445b1d624dab4eb']
0xDB5c3C828B729153315ed08836dc58fbDdE7E305,"nubianzim",1,19,15,20,26.38061187,['dd793ccb-2ad3-471a-bdd4-eb0043970ee9'],['0x9cc6347ec68f1601e900434cb5afd21ba24b86b802f5bb4e4f093a5b428036a0']
0xE1067Cb2DEAe4253ea7E1056071a14fd712e299d,"hicetnunc2000",1,144,43,150,387.0023480399998,['17641522-af31-40d1-afad-2a5796cf6819'],['0x6bdfbd98e6a427c04dc9baa62a2606aaf73d69f47e3a0ee48ab8ad87b3db6f88']
0xE1e5dcbBc95aabE80E2f9c65C7A2cEF85daF61C4,"liliop.eth",1,2,2,3,12.39943776,['a5c86799-7937-412d-a246-d19b13accfa1'],['0x3a340a6d7842691bd53183a46b593edf0a85a005265a86ed0b0aacaa358aa5ad']
0xE3abbbAaE7809E8352D554c742fde7f5f9D41DC4,"reneecampbell",7,573,499,801,1746.3328574700024,['b11ba29e-cfdf-4aeb-8bd1-f93fe163e505'],['0x170ba2601d8227d4d46993eb4a152bba596a56e3cfc1a6da9b213ed4ad0293af']
0xE3f96Cb5Ae6353Ed964f12c3841f50C8453DF33b,"non07777.eth",18,122,109,166,30.299967258967477,['45efbbfc-4cc2-4bcc-9778-f05dc0a66552'],['0xcca0152b693b788436eaa542c3961067eabccdf6932dc6b6abca82c18d8e5d62']
0xE4427defBaA51FB3A4a0c31ED9929b878664BF73,"1hesager",10,11,10,69,40.06421151999999,['acbd3ec6-ca82-4ac1-8142-b7137bc8b319'],['0xff59365d3f0f18367417585dd6999f0479c41f49a8fb5a669590b9c75795b8ff']
0xE4d9C51F0fd017A3CFD31c1674f5C44864877f19,"hal09999",1,1,1,12,0.0,['1ea662c5-1f44-4299-a251-aff41e098d58'],['0x1eceb80fd894e9faedf60db6caee11a527f9708b1628a7729433b12db4a9da8a']
0xE7578Cc2F047c9574406bB0d260C4A3CF92eB51d,"ahmedrazaeth",1,2201,139,1404,0.0,['dbd98c8c-46c7-4708-ac4a-20abd1074334'],['0x9d23c4862b10b4ce78b752497036fb6c602d74e420772bbbc844bd356dd09244']
0xECAA5f28Aa25cC39A848836B32744673a555b9bA,"harrytrananh",5,212,121,240,502.4073169699999,['a5161f7f-5bd5-43a7-9f3b-8e6479cd6607'],['0x840bfc881c72d40ee991e648dce4066d48f2a984cd73ac7376b90797d9ea9a19']
0xED8D4Ae84CC89Ab09eD3e48cbecC7A67e969a37F,"stormsoul",5,5,5,16,0.0,['cc6fa123-af2f-4b1b-8071-e52dc88bde60'],['0xcf911bd1247c9792a2ff09c8b8e37604a17e1d234bb8fa80511b976c7230a395']
0xEa7185e7d14FEadA97c05F9551f3761E32ed22dd,"ba3is",2,126,102,254,5.609339213021997,['0ede1f13-d117-4091-812c-29144b2d6977'],['0xb6834917dc75340aea074687cdf0034a972bb421191d98477f870573d0a4ae55']
0xF005Bc919B57DC1a95070A614C0d51A2897d11ff,"sum",18,9702,7375,14504,52812.628675989996,"['2a9c61e0-e353-4bf1-9459-f3201b0b37ce','baca5fc4-4957-47da-a24a-78dbf1dcd0fb']","['0x6e2ba78d61f3c66b304b45f1a3fb15a7182ef37b4e7c565f52aa5338d48aa510', '0x9345ad97f4e71c20a54d62c3dfa4ce87d03d0fec4c312a85d38e58d6ab3f5381']"
0xF143db60A0B1cBb8076B786Eb6635b93f18db744,"maceo",38,124,61,246,915.0117843699999,['a22d87f8-559e-4432-b47f-cd5f0443ec5f'],['0x7a426b4d224d67d513b26287370ca30e79f221f873723bef3aa4095bfbdabc79']
0xF14f94fF4c8c63Dfa73d82645Ef82743BB298231,"moctezuma3ro",7,22,11,39,29.802867880000004,['130bb20b-b67d-492c-a706-5c2556923bc3'],['0x90369eb860588cae2066203e6204bd89b4fcd54ea0105dc6377e286fc335531b']
0xF15132421A7Cd4a3528d5b938b53c782Fe7fE57D,"mayowalawal.eth",1,1,1,1,0.339187,['2612c31b-b3d0-475a-85dc-650fbbfad308'],['0x647b118b702796f479900d3ad4275b3fca7d2d8135fdb87f2e3ba0092ffde8ce']
0xF6eb526BFfA8d5036746Df58Fef23Fb091739c44,"deebee",4,97,61,113,2572.0269038399997,['dc19cf79-1626-43bf-9641-6c51ac461ba8'],['0xaa3b0c946deaaa98f461a3c6ad3ff289ff6a2ea251a0b3571a692e4adf1de94a']
0xF89aFAa93aa0D834e5937f12383FAEEF41285612,"bizarrebeast",21,10,3,48,47.11290069999999,['24eea2c7-c82c-4969-9509-8172e2a320e1'],['0x5ec41268809112a1641902c988fce7eb642b76606eabf62de842fb0de6626900']
0xF8C80Ebf80Ff0C17bdfBc08A91e64a890aAE8e3c,"kyu-mehul",7,2884,1028,3054,3631.8323264387645,"['67ffa063-a16a-4fd0-81c0-699138086a52','bc5c277b-4253-41f3-ace0-202f934bb05b']","['0x4c5c29e7e2134ce02e686f95b1e41585297400a5769b1288a5a101c451f6ec69', '0x3eaa929dbb23946afbbea978753bdd83325e944ab3e5a892ef0912814f293ae5']"
0xFe952DEf1c0E295048374cCd0B8ebe7001F1123E,"mali030303",15,9,1,25,4.562406,"['76e3cc1f-f40f-4ba3-9e55-2a17c4ef08d4','092db950-25bf-449c-b35d-2f37e12bacf2','0933c32e-3f03-4538-9fc8-64408a27df83','1811f663-2752-4d22-8282-abbe1dd4a90d']","['0x2e000efd25863345c21289d778f74cdb6451eaf61cea144d15513e319c190be8', '0x7d6678b2b70b24846a39207838a6edc57f980a2fa2ede93e582cef96626e68a0', '0x3af96bb9bc2b9c0f4679a7ef740ee4bc044e2a4c34959dc5871c5c628b58f47c', '0xbcaa3ddd387e18ec21242f7b2958af5b8912f1fdcf347b00f82e5abe82fdb5e7']"
0xa51fC978850C373dd965ab7D1eDF24692d0D0d61,"quetzalgelo",4,392,71,463,92.02678870752824,"['06a035d4-b268-4095-b665-b43eee8d4d92','abbdf160-ad2d-410a-bc60-9e5c49177c74','cd143d54-1701-4602-987f-92bec464f3f6','db558e30-7747-45fe-bdf7-d17981c7615b']","['0xc2f5f5e21e81033a8bf6c7b4ab2898c8342954b9b983824053fc0c439c096c39', '0xb7506e2b7f46c5ddd95bc90f753708dcca9803c7bd7b2935b7c92a867b35436d', '0x25a397abb7dbf65d53369e9caada8f891d87ea6062a8f6282ab6f695ac4f30a8', '0xa68dd6c7b51f9ed310e630152e23e3be25b1924cc133af8737a76213e14473be']"
0xa77CE92A601D504a6D64af843EB5a3994616969c,"gambling",1,105,56,112,180.6064860599999,['9d27ecb6-3372-4077-9868-9025d1680f22'],['0x6fb6c0a0254608c3f09954702c4f24cb737daa66155659029c1e1d784230539d']
0xaCBf5B79dB3F441b3E1F0784f419Ade0027Ed899,"ali-sharafi",1,1,1,1,0.0,['d4d5353f-2d65-4c61-af84-f0c8d7824402'],['0xd43e7937bde8ae9b8c1c5f6f6015b1d14128949f60d62b0569026e24c8dfad20']
0xae0768E5Ee2d5F140802f998C7293E2fF00297B2,"creator",13,7850,4863,4340,5555.592844075424,['bc70deb4-b73f-4f92-8f9b-40eb25f7c85f'],['0xa201347f658556389a1e8eb9172b574ad01579c9231360b233f6ef7bb2ef6c9b']
0xae20f0454cc764619489087FB7eF4c3e890062A0,"nygilia",12,830,256,1062,1653.5275787100004,"['3fa0fc60-ee04-4966-8374-96e50bc4ae1c','19fcf2e3-e796-473f-8730-ac414c62b710']","['0x85c3ad2c0f8aae9ba409e34e0988590cdd3d9a78db5f9c3300ad601e0ed57e61', '0xc37f740dbf9712c8110cf5847750780c98987ef5eb5b05b0cbf051e46a1d4487']"
0xb48cB3742868bFEfE0B29c1f298Dae0573E1C79c,"two twenty",1,61,44,92,0.0,['7cd06486-3233-45f6-8820-17799cf7f439'],['0x3ed8bd95cd2433ae15dad3bd0e0307171eb60f697d4701fc35a84865b4c29fb3']
0xb781E7571Db8a03773Cd441Ecf34DDb38d13CFE4,"maingirl",21,154,130,1175,9.18397439195611,['f3f4fa22-960c-4d51-a68b-b52c2b722d1c'],['0xad2d28eb472e93ef983a631fca89863a5636226bf4edf685d2918ac9dc10cd00']
0xbe539c14b877c4Ec3D76Dd3374D9507AAF6F4a3E,"lucky-star",50,290,87,283,351.41818294999996,['c26092fc-04f3-44b5-8742-7bb702b61844'],['0xbfc526b0a381ec8a51dbb915a6b8929773fa7c1466ce21c6ab9db52a0f31f20d']
0xbf46D2161045251cB97D0B41929bc1D36044E1a0,"dominosmusic",7,142,58,153,201.4146453,['8a90cdc9-138e-4e41-9268-3067e1fbbfad'],['0x6814b38ce0646ae17b7b782267d8ef68efa0e2931e94010d41918f2a13344de1']
0xc199d54bE70c9837449b8DeD44B6C960dde9dFe3,"brianmorris.eth",2,108,71,94,586.1750469093548,['fc647a67-ef6c-489c-a6e0-109c88127c84'],['0xd10a145283f89fc605bf6089ff2b9311685fdb8f77766ada33aed64cb4d4ec20']
0xc4A6B73AcaE5573d24551867332F8877C9767651,"anatcrypto.eth",17,1464,1219,1250,2020.6034184149867,['29bafbe9-ece3-40e3-90cf-5a1cfc2420e5'],['0x46be1fd60f81fbd6a372f3dc6aaa35f12cbeb01fc06af3ed4a2a46302be1c86e']
0xc578958DD1880cF00BFfbb7Feb9c28cbbbcaD3bF,"anaroth",2,10102,6970,10229,2986.796806279317,['b80bb1d0-9656-4cba-8963-1ebb4e53462b'],['0x4b6da5cc80cc59e4e783e53016968815561a0210c2e82a82a4763badf16c04e2']
0xc609Cfa28553a2Cd21176b2849F27824090A8aA3,"skyncrypto",1,1,1,1,0.0,['f5e827fd-533d-4099-b4f0-33e36b50eb12'],['0xc5e78a8a36ffe814631480bd00584d0c384b80ab1cf3fe7d7a22e04872be491c']
0xc8E86483958bc056F10f7D9Fe41b1F6d8c79aedE,"pinocchio",3,95,50,122,339.8191509843249,['42528f5b-deff-46d5-b500-efb6649b9160'],['0x3d50f9a8e2bf4a0e53cb7bb952c4f5ae241a614a499bdd9b02552c4f0756d29c']
0xcB565Ee70934c5887F9459fb0Dcec6ADD7F43CF2,"boogaav.eth",9,529,255,456,1325.1186940900006,['dd88b941-db6e-466c-b542-6b127e4e05f7'],['0xe93aa20e6f6e55870209d2768f8805eed8c38e8bfc06a1fda82077adeb0d3617']
0xcBF1a1Fbbc12706b8f9e713E420E4b57CFEE20Dd,"punkshield",1,2000,1100,2000,1837.014557700003,"['7f452fb1-1740-48ba-bbce-d09376d0f03c','28399539-d23e-40c8-bcd6-5ea35e3d445c']","['0xf4be39ede3c25c8f7fbfaeb0ee7dbf224a4632b902dc58590f19f9ac1c8610e2', '0xda99906cb7c8a397cf113210bbd3610752b43caef9ad48865527df11a8dfccaf']"
0xcaa77C8c52c7F0a37DB1A663Dd910Ee444dAB441,"racikkopi",6,8,6,19,15.419065,['6d66053a-3741-4c86-83cd-2b3909c92e8f'],['0xb63db82a86fbc5a86bbc7e2254ea1cceda0dbb4eb1bade74ff3b4b14d3b07530']
0xcbc7d0Ff51D37b60ba741bF566496BBa53b5eea2,"metadiver",7,317,287,383,228.54736856,['18f80718-61ca-4bb5-a684-275c2c05e600'],['0x89dff8d00183fd7a98b576262689aaeda6769a0a2d1b9c4553d1645f1e4686f0']
0xd25759Ae674F1dFaaED24a020F50a118a7E664bf,"sunnyapplier",3,275,67,372,112.04919369999996,"['1d357ee9-fea5-445c-88e7-3810a7f5d915','ba8a7d76-d142-4718-b4e8-93ec7938bd05','1edab2e2-9ea4-45ec-b6ba-090553712281','bcc5015e-31b3-401d-94bc-7485a39d3d90','91fc8d85-dc3c-440d-99bc-77b328fdd13d','740c8b1f-6b1b-41af-b6fe-3397ec6fc755','62d839b3-7db1-419e-99c7-7e98f75df3f8','094d2c45-d4fb-4e12-9221-276645199a5e']","['0xd8ba485078e459ca7be54e9fa6e56db7dc5b14bf3018164558a4d157d66eec9b', '0x04563dfffc7a41350953bf4ff74dc09269a0a276f938993c8d4edf47f62ae1cd', '0x8f7d161c32cab83be62b52a1526cf34cb71b9cad2c756708fef0d66b889d9e11', '0x523bfc7446691883713b535c6f683dc1393ec77b1375edc0c2649be37c5c7a33', '0xddb586cc3e6d6b36b391f8b62aca0b3a2da576abfb6da5126f7c22eca6112e7a', '0x51c9e2719056f539fbd9d5c37a4cb4a76afbd821fe9e7e7a5a0b4666b432787c', '0xb00eff4718ded06af08878ee045672b9ae007eecb35ebc43035805311d9bcf93', '0xfad35cde9aa92e3318bd36b2b029ff35662145dce024bc48989427c4a0f7fa51']"
0xd35D60B1746cAEc2289c892EAC7351D66d63455B,"crittiep",2,5,3,5,8.97286686,['c9994c68-2b6d-46f3-8149-a6725a23148f'],['0x050f62e56d8479e9a3fe4e548522ec5d0eda604d70f1520e09d7712dc9629463']
0xd36DAA3AE2e8D8500565fB70774c0fcabe772651,"aandreychagin",2,199,181,229,161.98108121999996,['5bd51678-eb8a-48b0-a7f3-0bf979ace7ad'],['0x8b978612c586dcd074c4f505a19594d6d4ffea245c440decb9975f316dc5478b']
0xd6b84A2dE711DA13A98466988d1bea18a427E8B5,"capn",12,1294,684,1891,4971.3418279200005,['b1f2d7de-3b37-4fa8-9c22-2d2e0f1147e1'],['0xcfc1ebe4524528bf4a2ffcd3fa05aa0da5e5c198ee34598bbeffd400774d2a09']
0xd75097a10ed517b85e1234f7cc8Af5c4FC4bF1a4,"eternalgarden",8,224,122,272,1887.9272443428808,['a3a22002-cfec-42fb-a04a-4ac0d3e70ea6'],['0x046b271624f43e27e58a7285821450df18e80629c74aa78903302091fb10fdc9']
0xdB4e664E5aD83470eAA81Ee85445a59004B15C18,"nabata.eth",3,210,47,232,123.04784897999988,['872a4567-9a71-42d4-bd35-d5d8934ee9a9'],['0xe27b312b612d50f756f084a273b279904c4f4d73dfaa15169b9ef1bff5777e20']
0xdE3975723d5dE76070Ca2169aB8716e48b3B4b81,"trevortraynor",5,136,107,358,967.1529309624887,"['db558506-0677-48ed-a096-50346b652dd5','9e0b863b-571d-4740-aba7-f2e63305a9c9','ebd8334c-f8f6-46ca-be4e-29e6eb075caf','c9a6c12c-53ff-458c-a628-4013cc795728','1a8abbcc-f05f-4f62-898b-21ba938ade7e']","['0xaac55192adc959f407c090792b75ba689eea349bc8805621dcbc09586e7b9f16', '0x598a693efe1605607a27bb519a04a2a6e8b9ce2f92902367fdb2355dd2d1fc00', '0x5a3369a9110aba8d1a4bb6f105532f096bdba22e97151bd1289fed0016d4a5c1', '0x8d0ea6cfaf1cbe31a0c885d3064b1cc35bc1bf41219afbc33b8f0c031d1d9206', '0x5c4c98b7c8512498dce82785480171aa43d8083e6f99cda04a3c6b8960328f09']"
0xe2906617C0Fc9Bad975dFD24EeD826f00C1065E0,"zacurowave",7,155,39,188,231.4953378458427,['c1d4070f-519f-423b-a5a2-87f4d9cc0944'],['0xfec917f2b1d2d624508780a151a3d6613a57240a53b5a9772042241708afccbc']
0xe588F6581329cE32E40641E20c61A96F296A763A,"ranxdeer",5,4,3,54,1.302219,['f9506fe6-3498-4039-87c1-77ccbca32a67'],['0x458bf120405cfada982a7959a53d1dc561724bb2500354a256fdbb340a1fc8f8']
0xe874BA46982D7cBaB5931a50c2DC81A7aEb80344,"newlightvisuals",2,151,129,166,390.18442721999986,['267777a4-0155-4486-a50e-017382ea6580'],['0xa053bb6692667fea947a78f98fac0415dcf7106a5a9d019c4e16cde0b6155234']
0xe91CE9548017F1Ec84e4b9342f88817fD768E918,"puffdood.eth",35,6062,5183,1910,134732.71130238773,['01596d09-d86c-4a1c-95d7-5ac44f15d1d4'],['0xe4a27a3b1d37d9d5e926326c59b07b3912aa7c8fae25dc134496aa435a08cd68']
0xeA124F96A1226d0956D38DD95c089d5cd5f82D71,"basefrens",6,4619,1878,5581,14116.892972409973,['c737f082-a6df-49b4-9c5f-a25e68c3772c'],['0x54e8d5144001b90d274e9ce8acdce69d7a7af4da1e67d9695e5c718edd6df391']
0xec596A3E17F90dE883DD7Eb413e827A346fE8930,"iloveyouens.eth",19,26,11,160,37.27704112000001,['db71f223-a2a8-4ee7-b361-ff85b0b39f58'],['0x3b59083691abf3099568cd9b82f2f9f2c134c04899e502862b083f284754bcdb']
0xf1f5D35c46Fd62fDD9150C39acc4A1b6A8327Ae4,"itsai",10,671,259,87,19.67838762,['4eac0c0f-9331-4f97-9ffd-daf428ab4fe5'],['0xcc1060edf3391da084931b0f602a87ecab4dd3ba59484e701dce3ca656a9d122']
0xf3792d9808C19638155A1cc6072cdAa8ee25F0Ac,"natefields",8,16,6,40,20.10782427,['b42e04ba-da11-43a1-8b78-c19a6f5edc1a'],['0x5d0667f60f7eb867cc8962c80e10cb3a1d530c4c1a00e18c1c748ce72cc3a6bb']
0xf3c0f24ECA4b1c02117711c7945Ce1FBb19c0940,"trebor69",8,782,687,1403,1703.9407022099988,['da46d436-1926-4eca-9174-a4d27e02df0b'],['0x569c15c30ec8622023bc02b4776a33ec14c77a014a23111ef4ee0c8bc6da7d45']
0xf56E55e35d2CCa5A34F5Ba568454974424aEA0F4,"music-guy.eth",122,2414,1909,1350,1967.3697689699998,"['e96523ec-5189-4e6e-8565-b23f335edc52','c6597abc-1fb6-44a4-a02b-2f2add1e1c92','d386552e-56da-4123-ab5d-4985587cc049','e0994aa6-8a6a-4146-be34-5c6bb72081fd','5d5de4e1-6ca0-456c-82e7-895678d59c84','2a8d84c4-2ca4-4c5a-8ecf-03e2ef8470bd','568706f3-8127-448f-b0b1-56c28e4f3ed1']","['0x73258d731bddea7fe5a85116b504ff137dad6abfa674a06b0d5e7aa0ca2f5351', '0xd62663bfbe5e4240d6b64452d1309efc4fe5837d293e731dfbeb94ff24a5a3ea', '0x5ca5853c76a1b4ba626e1284a3026ff379bdf43afb11a602341829b9c69db46d', '0x10657831aa619ab73596161ce40e23c20c5dd02a8920dbfffacaa70b6e873779', '0x24ea792356b94b84a06c53bf437435d14e14176402b475e6a36290cc50f9795e', '0xb07fdf1ede14ea0abf845c015d4ad73f336e50acb273a351df0db1c5562707c4', '0xf17f2117918219f9f8df96b88122cfdd54782cd0632ae8a71a0b90ece8f50856']"
0xf7455a50c1211cA3114A81D98d228B8d83479e9A,"offtotheether",1,1,0,2,0.652106,['b5c5970d-40d8-4830-92ca-e0c9b1006bb4'],['0x7ae53a1c501a665ac0082762cc4dcee68d36bb2ad4b11d9ac39909895e842224']
0xf977A728f3AA00885b2dE0A106f8ae69d17adB08,"primitivesnft",3,8319,5228,9025,80998.00145729017,['2802267f-fbce-4450-88db-7f7b72bbef97'],['0x560e862e98c3a55998464d95cad73a43b6fd3f2e43ddf9ab251eb262d260e1c9']